ID, Temp C
0,25.88
1,25.39
2,25.39
3,25.39
4,25.39
5,25.39
6,25.39
7,25.39
8,25.39
9,25.39
10,25.39
11,25.39
12,25.39
13,25.39
14,25.39
15,25.39
16,25.39
17,25.39
18,25.39
19,25.39
20,25.39
21,25.39
22,25.39
23,24.9
24,24.9
25,24.9
26,24.9
27,25.39
28,24.9
29,24.9
30,24.9
31,25.39
32,24.9
33,25.39
34,24.9
35,25.39
36,24.9
37,24.9
38,25.39
39,24.9
40,25.39
41,25.39
42,25.39
43,25.39
44,24.9
45,24.9
46,25.39
47,25.39
48,24.9
49,25.39
50,25.39
51,24.9
52,24.9
53,25.39
54,25.39
55,25.39
56,24.9
57,25.39
58,24.9
59,25.39
60,25.39
61,24.9
62,25.39
63,24.9
64,25.39
65,25.39
66,25.39
67,25.39
68,25.39
69,25.39
70,25.39
71,25.39
72,25.39
73,25.39
74,25.39
75,25.39
76,25.39
77,25.39
78,25.39
79,25.39
80,25.39
81,25.39
82,25.39
83,25.39
84,25.39
85,25.39
86,25.39
87,25.39
88,25.39
89,25.39
90,25.39
91,25.39
92,25.39
93,25.39
94,25.39
95,25.39
96,25.39
97,25.39
98,25.39
99,25.39
100,25.39
101,25.39
102,25.39
103,25.39
104,25.39
105,25.39
106,25.39
107,25.39
108,25.39
109,25.39
110,25.39
111,25.39
112,25.39
113,25.39
114,25.39
115,25.39
116,25.39
117,25.39
118,25.39
119,25.39
120,25.39
121,25.39
122,25.39
123,25.39
124,25.39
125,25.39
126,25.39
127,25.39
128,25.39
129,25.39
130,25.39
131,25.39
132,25.39
133,25.39
134,25.39
135,25.39
136,25.39
137,25.39
138,25.39
139,25.39
140,25.39
141,25.39
142,25.39
143,25.39
144,25.39
145,25.39
146,25.39
147,25.39
148,25.39
149,25.39
150,25.39
151,25.39
152,25.39
153,25.39
154,25.39
155,25.39
156,25.39
157,25.39
158,25.39
159,25.39
160,25.39
161,25.39
162,25.39
163,25.39
164,25.39
165,25.39
166,25.39
167,25.39
168,25.39
169,25.39
170,25.39
171,25.39
172,25.39
173,25.39
174,25.39
175,25.39
176,25.39
177,25.39
178,25.39
179,25.39
180,25.39
181,25.39
182,25.39
183,25.39
184,25.39
185,25.39
186,25.39
187,25.39
188,25.39
189,25.39
190,25.39
191,25.39
192,25.39
193,25.39
194,25.39
195,25.39
196,25.39
197,25.39
198,25.39
199,25.39
200,25.39
201,25.39
202,25.39
203,25.39
204,25.39
205,25.39
206,25.39
207,25.39
208,25.39
209,25.39
210,25.39
211,25.39
212,25.39
213,25.39
214,25.39
215,25.39
216,25.39
217,25.39
218,25.39
219,24.9
220,24.9
221,24.9
222,25.39
223,25.39
224,24.9
225,24.9
226,24.9
227,24.9
228,24.9
229,25.39
230,24.9
231,24.9
232,24.9
233,24.9
234,24.9
235,24.9
236,24.9
237,24.9
238,25.39
239,24.9
240,25.39
241,25.39
242,24.9
243,24.9
244,25.39
245,24.9
246,24.9
247,25.39
248,25.39
249,24.9
250,25.39
251,25.39
252,25.39
253,25.39
254,25.39
255,25.39
256,25.39
257,25.39
258,25.39
259,25.39
260,25.39
261,25.39
262,25.39
263,25.39
264,25.39
265,25.39
266,25.39
267,25.39
268,25.39
269,25.39
270,25.39
271,25.39
272,25.39
273,25.39
274,25.39
275,25.39
276,25.39
277,25.39
278,25.39
279,25.39
280,25.39
281,25.39
282,25.39
283,25.39
284,25.39
285,25.39
286,25.39
287,25.39
288,25.39
289,25.39
290,25.39
291,25.39
292,25.39
293,25.39
294,25.39
295,25.39
296,25.39
297,25.39
298,25.39
299,25.39
300,25.39
301,25.39
302,25.39
303,25.39
304,25.39
305,25.39
306,25.39
307,25.39
308,25.39
309,25.39
310,25.39
311,25.39
312,25.39
313,25.39
314,25.39
315,25.39
316,25.39
317,25.39
318,25.39
319,25.39
320,25.39
321,25.39
322,25.39
323,25.39
324,25.39
325,25.39
326,25.39
327,25.39
328,25.39
329,25.39
330,25.39
331,25.39
332,25.39
333,25.39
334,25.39
335,25.39
336,25.39
337,25.39
338,25.39
339,25.39
340,25.39
341,25.39
342,25.39
343,25.39
344,25.39
345,25.39
346,25.39
347,25.39
348,25.39
349,25.39
350,25.39
351,25.39
352,25.39
353,25.39
354,25.39
355,25.39
356,25.39
357,25.39
358,25.39
359,25.39
360,25.39
361,25.39
362,25.39
363,25.39
364,25.39
365,25.39
366,25.39
367,25.39
368,25.39
369,25.39
370,25.39
371,25.39
372,25.39
373,25.39
374,25.39
375,25.39
376,25.39
377,25.39
378,25.39
379,25.39
380,25.39
381,25.39
382,25.39
383,25.39
384,25.39
385,25.39
386,25.39
387,25.39
388,25.39
389,25.39
390,25.39
391,25.39
392,25.39
393,25.39
394,25.39
395,25.39
396,25.39
397,25.39
398,25.39
399,25.39
400,25.39
401,25.39
402,25.39
403,25.39
404,25.39
405,25.39
406,25.39
407,25.39
408,25.39
409,25.39
410,25.39
411,25.39
412,25.39
413,25.39
414,25.39
415,25.39
416,25.39
417,25.39
418,25.39
419,25.39
420,25.39
421,25.39
422,25.39
423,25.39
424,25.39
425,25.39
426,25.39
427,25.39
428,25.39
429,25.39
430,25.39
431,25.39
432,25.39
433,25.39
434,25.39
435,25.39
436,25.39
437,25.39
438,25.39
439,25.39
440,25.39
441,25.39
442,25.39
443,25.39
444,25.39
445,25.39
446,25.39
447,25.39
448,25.39
449,25.39
450,25.39
451,25.39
452,25.39
453,25.39
454,25.39
455,25.39
456,25.39
457,25.39
458,25.39
459,25.39
460,25.39
461,25.39
462,25.39
463,25.39
464,25.39
465,25.39
466,25.39
467,25.39
468,25.39
469,25.39
470,25.39
471,25.39
472,25.39
473,25.39
474,25.39
475,25.39
476,25.39
477,25.39
478,25.39
479,25.39
480,25.39
481,25.39
482,25.39
483,25.39
484,25.39
485,25.39
486,25.39
487,25.39
488,25.39
489,25.39
490,25.39
491,25.39
492,25.39
493,25.39
494,25.39
495,25.39
496,25.39
497,25.39
498,25.39
499,25.39
500,25.39
501,25.39
502,25.39
503,25.39
504,25.39
505,25.39
506,25.39
507,25.39
508,25.39
509,25.39
510,25.39
511,25.39
512,25.39
513,25.39
514,25.39
515,25.39
516,25.39
517,25.39
518,25.39
519,25.39
520,25.39
521,25.39
522,25.39
523,25.39
524,25.39
525,25.39
526,25.39
527,25.39
528,25.39
529,25.39
530,25.39
531,25.39
532,25.39
533,25.39
534,25.39
535,25.39
536,25.39
537,25.39
538,25.39
539,25.39
540,25.39
541,25.39
542,25.39
543,25.39
544,25.39
545,25.39
546,25.39
547,25.39
548,25.39
549,25.39
550,25.39
551,25.39
552,25.39
553,25.39
554,25.39
555,25.39
556,25.39
557,25.39
558,25.39
559,25.39
560,25.39
561,25.39
562,25.39
563,25.39
564,25.39
565,25.39
566,25.39
567,25.39
568,25.39
569,25.39
570,25.39
571,25.39
572,25.39
573,25.39
574,25.39
575,25.39
576,25.39
577,25.39
578,25.39
579,25.39
580,25.39
581,25.39
582,25.39
583,25.39
584,25.39
585,25.39
586,25.39
587,25.39
588,25.39
589,25.39
590,25.39
591,25.39
592,25.39
593,25.39
594,25.39
595,25.39
596,25.39
597,25.39
598,25.39
599,25.39
600,25.39
601,25.39
602,25.39
603,25.39
604,25.39
605,25.39
606,25.39
607,25.39
608,25.39
609,25.39
610,25.39
611,25.39
612,25.39
613,24.9
614,24.9
615,25.39
616,24.9
617,24.9
618,24.9
619,24.9
620,24.9
621,24.9
622,25.39
623,24.9
624,25.39
625,24.9
626,25.39
627,25.39
628,25.39
629,25.39
630,25.39
631,25.39
632,25.39
633,25.39
634,24.9
635,25.39
636,25.39
637,25.39
638,25.39
639,25.39
640,25.39
641,25.39
642,25.39
643,25.39
644,25.39
645,25.39
646,25.39
647,25.39
648,25.39
649,25.39
650,25.39
651,25.39
652,25.39
653,25.39
654,25.39
655,25.39
656,25.39
657,25.39
658,25.39
659,25.39
660,25.39
661,25.39
662,25.39
663,25.39
664,25.39
665,25.39
666,24.9
667,25.39
668,25.39
669,25.39
670,25.39
671,25.39
672,25.39
673,25.39
674,25.39
675,25.39
676,25.39
677,25.39
678,25.39
679,25.39
680,25.39
681,25.39
682,25.39
683,25.39
684,25.39
685,25.39
686,25.39
687,25.39
688,25.39
689,25.39
690,25.39
691,25.39
692,25.39
693,25.39
694,25.39
695,25.39
696,25.39
697,25.39
698,25.39
699,25.39
700,25.39
701,25.39
702,25.39
703,25.39
704,25.39
705,25.39
706,25.39
707,25.39
708,25.39
709,25.39
710,25.39
711,25.39
712,25.39
713,24.9
714,25.39
715,25.39
716,25.39
717,25.39
718,24.9
719,25.39
720,25.39
721,25.39
722,24.9
723,24.9
724,25.39
725,25.39
726,25.39
727,25.39
728,24.9
729,25.39
730,25.39
731,25.39
732,25.39
733,24.9
734,25.39
735,24.9
736,25.39
737,24.9
738,25.39
739,25.39
740,24.9
741,25.39
742,25.39
743,25.39
744,24.9
745,25.39
746,24.9
747,25.39
748,25.39
749,24.9
750,25.39
751,24.9
752,25.39
753,25.39
754,25.39
755,25.39
756,24.9
757,24.9
758,24.9
759,25.39
760,24.9
761,25.39
762,24.9
763,25.39
764,24.9
765,25.39
766,24.9
767,25.39
768,25.39
769,24.9
770,25.39
771,25.39
772,24.9
773,25.39
774,25.39
775,24.9
776,24.9
777,24.9
778,25.39
779,24.9
780,24.9
781,25.39
782,24.9
783,25.39
784,24.9
785,25.39
786,25.39
787,25.39
788,24.9
789,24.9
790,24.9
791,25.39
792,25.39
793,24.9
794,25.39
795,24.9
796,25.39
797,25.39
798,25.39
799,25.39
800,25.39
801,25.39
802,24.9
803,24.9
804,25.39
805,24.9
806,24.9
807,24.9
808,24.9
809,24.9
810,25.39
811,24.9
812,24.9
813,24.9
814,24.9
815,24.9
816,24.9
817,24.9
818,24.9
819,24.9
820,24.9
821,24.9
822,24.9
823,24.9
824,24.9
825,24.9
826,24.9
827,24.9
828,24.9
829,24.9
830,24.9
831,24.9
832,24.9
833,24.9
834,25.39
835,24.9
836,24.9
837,24.9
838,24.9
839,25.39
840,25.39
841,24.9
842,24.9
843,24.9
844,24.9
845,24.9
846,25.39
847,24.9
848,25.39
849,24.9
850,24.9
851,24.9
852,24.9
853,24.9
854,25.39
855,24.9
856,24.9
857,24.9
858,24.9
859,24.9
860,24.9
861,24.9
862,24.9
863,24.9
864,25.39
865,24.9
866,24.9
867,24.9
868,24.9
869,24.9
870,24.9
871,24.9
872,24.9
873,24.9
874,24.9
875,24.9
876,24.9
877,24.9
878,24.9
879,24.9
880,24.9
881,24.9
882,24.9
883,24.9
884,24.9
885,25.39
886,24.9
887,24.9
888,24.9
889,25.39
890,24.9
891,24.9
892,25.39
893,24.9
894,24.9
895,24.9
896,24.9
897,24.9
898,25.39
899,24.9
900,24.9
901,24.9
902,24.9
903,24.9
904,24.9
905,24.9
906,24.9
907,24.9
908,24.9
909,24.9
910,24.9
911,24.9
912,24.9
913,24.9
914,24.9
915,24.9
916,25.39
917,24.9
918,24.9
919,24.9
920,24.9
921,24.9
922,24.9
923,24.9
924,24.9
925,24.9
926,24.9
927,24.9
928,24.9
929,24.9
930,24.9
931,24.9
932,24.9
933,24.9
934,24.9
935,24.9
936,24.9
937,24.9
938,24.9
939,24.9
940,24.9
941,24.9
942,24.9
943,24.9
944,24.9
945,24.9
946,24.9
947,24.9
948,24.9
949,24.9
950,24.9
951,24.9
952,24.9
953,24.9
954,24.9
955,24.9
956,24.9
957,24.9
958,24.9
959,24.9
960,24.9
961,24.9
962,24.9
963,24.9
964,24.9
965,24.9
966,24.9
967,24.9
968,24.9
969,24.9
970,24.9
971,24.9
972,24.9
973,24.9
974,24.9
975,24.9
976,24.9
977,24.9
978,24.9
979,25.39
980,24.9
981,24.9
982,24.9
983,24.9
984,24.9
985,24.9
986,24.9
987,24.9
988,24.9
989,24.9
990,24.9
991,24.9
992,24.9
993,24.9
994,24.9
995,24.9
996,24.9
997,24.9
998,24.9
999,24.9
1000,24.9
1001,24.9
1002,24.9
1003,24.9
1004,24.9
1005,24.9
1006,24.9
1007,24.9
1008,24.9
1009,24.9
1010,24.9
1011,24.9
1012,24.9
1013,24.9
1014,24.9
1015,24.9
1016,24.9
1017,24.9
1018,24.9
1019,24.9
1020,24.9
1021,24.9
1022,24.9
1023,24.9
1024,24.9
1025,24.9
1026,24.9
1027,24.9
1028,24.9
1029,24.9
1030,24.9
1031,24.9
1032,24.9
1033,24.9
1034,24.9
1035,24.9
1036,24.9
1037,24.9
1038,24.9
1039,24.9
1040,24.9
1041,24.9
1042,24.9
1043,24.9
1044,24.9
1045,24.9
1046,24.9
1047,24.9
1048,24.9
1049,24.9
1050,24.9
1051,24.9
1052,24.9
1053,24.9
1054,24.9
1055,24.9
1056,24.9
1057,24.9
1058,24.9
1059,24.9
1060,24.9
1061,24.9
1062,24.9
1063,24.9
1064,24.9
1065,24.9
1066,24.9
1067,24.9
1068,24.9
1069,24.9
1070,24.9
1071,24.9
1072,24.9
1073,24.9
1074,24.9
1075,24.9
1076,24.9
1077,24.9
1078,24.9
1079,24.9
1080,24.9
1081,24.9
1082,24.9
1083,24.9
1084,24.9
1085,24.9
1086,24.9
1087,24.9
1088,24.9
1089,24.9
1090,24.9
1091,24.9
1092,24.9
1093,24.9
1094,24.9
1095,24.9
1096,24.9
1097,24.9
1098,24.9
1099,25.39
1100,24.9
1101,24.9
1102,24.9
1103,25.39
1104,24.9
1105,24.9
1106,24.9
1107,24.9
1108,25.39
1109,24.9
1110,25.39
1111,24.9
1112,24.9
1113,24.9
1114,24.9
1115,24.9
1116,24.9
1117,24.9
1118,24.9
1119,24.9
1120,24.9
1121,24.9
1122,24.9
1123,24.9
1124,24.9
1125,24.9
1126,24.9
1127,24.9
1128,24.9
1129,24.9
1130,24.9
1131,24.9
1132,24.9
1133,24.9
1134,24.9
1135,24.9
1136,24.9
1137,24.9
1138,24.9
1139,24.9
1140,24.9
1141,24.9
1142,24.9
1143,24.9
1144,24.9
1145,24.9
1146,24.9
1147,24.9
1148,24.9
1149,24.9
1150,24.9
1151,24.9
1152,24.9
1153,24.9
1154,24.9
1155,24.9
1156,24.9
1157,24.9
1158,24.9
1159,24.9
1160,24.9
1161,24.9
1162,24.9
1163,24.9
1164,24.9
1165,24.9
1166,24.9
1167,24.9
1168,24.9
1169,24.9
1170,24.9
1171,24.9
1172,24.9
1173,24.9
1174,24.9
1175,24.9
1176,24.9
1177,24.9
1178,24.9
1179,24.9
1180,24.9
1181,24.9
1182,24.9
1183,24.9
1184,24.9
1185,24.9
1186,24.9
1187,24.9
1188,24.9
1189,24.9
1190,24.9
1191,24.9
1192,24.9
1193,24.9
1194,24.9
1195,24.9
1196,24.9
1197,24.9
1198,24.9
1199,24.9
1200,24.9
1201,24.9
1202,24.9
1203,24.9
1204,24.9
1205,24.9
1206,24.9
1207,24.9
1208,24.9
1209,24.9
1210,24.9
1211,24.9
1212,24.9
1213,24.9
1214,24.9
1215,24.9
1216,24.9
1217,24.9
1218,24.9
1219,24.9
1220,24.9
1221,24.9
1222,24.9
1223,24.9
1224,24.9
1225,24.9
1226,24.9
1227,24.9
1228,24.9
1229,24.9
1230,24.9
1231,24.9
1232,24.9
1233,24.9
1234,24.9
1235,24.9
1236,24.9
1237,24.9
1238,24.9
1239,24.9
1240,24.9
1241,24.9
1242,24.9
1243,24.9
1244,24.9
1245,24.9
1246,24.9
1247,24.9
1248,24.9
1249,24.9
1250,24.9
1251,24.9
1252,24.9
1253,24.9
1254,24.9
1255,24.9
1256,24.9
1257,24.9
1258,24.9
1259,24.9
1260,24.9
1261,24.9
1262,24.9
1263,24.9
1264,24.9
1265,24.9
1266,24.9
1267,24.9
1268,24.9
1269,24.9
1270,24.9
1271,24.9
1272,24.9
1273,24.9
1274,24.9
1275,24.9
1276,24.9
1277,24.9
1278,24.9
1279,24.9
1280,24.9
1281,24.9
1282,24.9
1283,24.9
1284,24.9
1285,24.9
1286,24.9
1287,24.9
1288,24.9
1289,24.9
1290,24.9
1291,24.9
1292,24.9
1293,24.9
1294,24.9
1295,24.9
1296,24.9
1297,24.9
1298,24.9
1299,24.9
1300,24.9
1301,24.9
1302,24.9
1303,24.9
1304,24.9
1305,24.9
1306,24.9
1307,24.9
1308,24.9
1309,24.9
1310,24.9
1311,24.9
1312,24.9
1313,24.9
1314,24.9
1315,24.9
1316,24.9
1317,24.9
1318,24.9
1319,24.9
1320,24.9
1321,24.9
1322,24.9
1323,24.9
1324,24.9
1325,24.9
1326,24.9
1327,24.9
1328,24.9
1329,24.9
1330,24.9
1331,24.9
1332,24.9
1333,24.9
1334,24.9
1335,24.9
1336,24.9
1337,24.9
1338,24.9
1339,24.9
1340,24.9
1341,24.9
1342,24.41
1343,24.41
1344,24.41
1345,24.41
1346,24.41
1347,24.41
1348,24.41
1349,24.41
1350,24.41
1351,24.41
1352,24.41
1353,24.41
1354,24.41
1355,24.41
1356,24.41
1357,24.41
1358,24.41
1359,24.41
1360,24.41
1361,24.41
1362,24.41
1363,24.41
1364,24.41
1365,24.41
1366,24.41
1367,24.41
1368,24.41
1369,24.41
1370,24.41
1371,24.9
1372,24.41
1373,24.41
1374,24.41
1375,24.41
1376,24.41
1377,24.41
1378,24.41
1379,24.41
1380,24.9
1381,24.41
1382,24.41
1383,24.9
1384,24.9
1385,24.9
1386,24.9
1387,24.9
1388,24.9
1389,24.9
1390,24.9
1391,24.9
1392,24.9
1393,24.9
1394,24.9
1395,24.9
1396,24.9
1397,24.9
1398,24.9
1399,24.9
1400,24.9
1401,24.9
1402,24.9
1403,24.9
1404,24.9
1405,24.9
1406,24.9
1407,24.9
1408,24.9
1409,24.9
1410,24.9
1411,24.9
1412,24.9
1413,24.9
1414,24.9
1415,24.9
1416,24.9
1417,24.9
1418,24.9
1419,24.9
1420,24.9
1421,24.9
1422,24.9
1423,24.9
1424,24.9
1425,24.9
1426,24.9
1427,24.9
1428,24.9
1429,24.9
1430,24.9
1431,24.9
1432,24.9
1433,24.9
1434,24.9
1435,24.9
1436,24.9
1437,24.9
1438,24.9
1439,24.9
1440,24.9
1441,24.9
1442,24.9
1443,24.9
1444,24.9
1445,24.9
1446,24.9
1447,24.9
1448,24.9
1449,24.9
1450,24.9
1451,24.9
1452,24.9
1453,24.9
1454,24.9
1455,24.9
1456,24.9
1457,24.9
1458,24.9
1459,24.9
1460,24.9
1461,24.9
1462,24.9
1463,24.9
1464,24.9
1465,24.9
1466,24.9
1467,24.9
1468,24.9
1469,24.9
1470,24.9
1471,24.9
1472,24.9
1473,24.9
1474,24.9
1475,24.9
1476,24.9
1477,24.9
1478,24.9
1479,24.9
1480,24.9
1481,24.9
1482,24.9
1483,24.9
1484,24.9
1485,24.9
1486,24.9
1487,24.9
1488,24.9
1489,24.9
1490,24.9
1491,24.9
1492,24.9
1493,24.9
1494,24.9
1495,24.9
1496,24.9
1497,24.9
1498,24.9
1499,24.9
1500,24.9
1501,24.9
1502,24.9
1503,24.9
1504,24.9
1505,24.9
1506,24.9
1507,24.9
1508,24.9
1509,24.9
1510,24.9
1511,24.9
1512,24.9
1513,24.9
1514,24.9
1515,24.9
1516,24.9
1517,24.9
1518,24.9
1519,24.9
1520,24.9
1521,24.9
1522,24.9
1523,24.9
1524,24.9
1525,24.9
1526,24.9
1527,24.9
1528,24.9
1529,24.9
1530,24.9
1531,24.9
1532,24.9
1533,24.9
1534,24.9
1535,24.9
1536,24.9
1537,24.9
1538,24.9
1539,24.9
1540,24.9
1541,24.9
1542,24.9
1543,24.9
1544,24.9
1545,24.9
1546,24.9
1547,24.9
1548,24.9
1549,24.9
1550,24.9
1551,24.9
1552,24.9
1553,24.9
1554,24.9
1555,24.9
1556,24.9
1557,24.9
1558,24.9
1559,24.9
1560,24.9
1561,24.9
1562,24.9
1563,24.9
1564,24.9
1565,24.9
1566,24.9
1567,24.9
1568,24.9
1569,24.9
1570,24.9
1571,24.9
1572,24.9
1573,24.9
1574,24.9
1575,24.9
1576,24.9
1577,24.9
1578,24.9
1579,24.9
1580,24.9
1581,24.9
1582,24.9
1583,24.9
1584,24.9
1585,24.9
1586,24.9
1587,24.9
1588,24.9
1589,24.9
1590,24.9
1591,24.9
1592,24.9
1593,24.9
1594,24.9
1595,24.9
1596,24.9
1597,24.9
1598,24.9
1599,24.9
1600,24.9
1601,24.9
1602,24.9
1603,24.9
1604,24.9
1605,24.9
1606,24.9
1607,24.9
1608,24.9
1609,24.9
1610,24.9
1611,24.9
1612,24.9
1613,24.9
1614,24.9
1615,24.9
1616,24.9
1617,24.9
1618,24.9
1619,24.9
1620,24.9
1621,24.9
1622,24.9
1623,24.9
1624,24.9
1625,24.9
1626,24.9
1627,24.9
1628,24.9
1629,24.9
1630,24.9
1631,24.9
1632,24.9
1633,24.9
1634,24.9
1635,24.9
1636,24.9
1637,24.9
1638,24.9
1639,24.9
1640,24.9
1641,24.9
1642,24.9
1643,24.9
1644,24.9
1645,24.9
1646,24.9
1647,24.9
1648,24.9
1649,24.9
1650,24.9
1651,24.9
1652,24.9
1653,24.9
1654,24.9
1655,24.9
1656,24.9
1657,24.9
1658,24.9
1659,24.9
1660,24.9
1661,24.9
1662,24.9
1663,24.9
1664,24.9
1665,24.9
1666,24.9
1667,24.9
1668,24.9
1669,24.9
1670,24.9
1671,24.9
1672,24.9
1673,24.9
1674,24.9
1675,24.9
1676,24.9
1677,24.9
1678,24.9
1679,24.9
1680,24.9
1681,24.9
1682,24.9
1683,24.9
1684,24.9
1685,24.9
1686,24.9
1687,24.9
1688,24.9
1689,24.9
1690,24.9
1691,24.9
1692,24.9
1693,24.41
1694,24.9
1695,24.41
1696,24.9
1697,24.9
1698,24.9
1699,24.41
1700,24.41
1701,24.41
1702,24.9
1703,24.41
1704,24.9
1705,24.9
1706,24.9
1707,24.9
1708,24.9
1709,24.9
1710,24.9
1711,24.9
1712,24.41
1713,24.41
1714,24.41
1715,24.9
1716,24.41
1717,24.9
1718,24.9
1719,24.9
1720,24.9
1721,24.9
1722,24.41
1723,24.9
1724,24.41
1725,24.41
1726,24.41
1727,24.9
1728,24.41
1729,24.41
1730,24.41
1731,24.41
1732,24.9
1733,24.9
1734,24.9
1735,24.41
1736,24.41
1737,24.41
1738,24.41
1739,24.41
1740,24.41
1741,24.41
1742,24.41
1743,24.41
1744,24.41
1745,24.41
1746,24.41
1747,24.41
1748,24.9
1749,24.41
1750,24.41
1751,24.41
1752,24.41
1753,24.41
1754,24.41
1755,24.41
1756,24.41
1757,24.41
1758,24.41
1759,24.41
1760,24.41
1761,24.41
1762,24.41
1763,24.41
1764,24.41
1765,24.41
1766,24.41
1767,24.41
1768,24.41
1769,24.41
1770,24.41
1771,24.41
1772,24.41
1773,24.41
1774,24.41
1775,24.41
1776,24.41
1777,24.41
1778,24.41
1779,24.41
1780,24.41
1781,24.41
1782,24.41
1783,24.41
1784,24.41
1785,24.41
1786,24.41
1787,24.41
1788,24.41
1789,24.41
1790,24.41
1791,24.41
1792,24.41
1793,24.41
1794,24.41
1795,24.41
1796,24.41
1797,24.41
1798,24.41
1799,24.41
1800,24.41
1801,24.41
1802,24.41
1803,24.41
1804,24.41
1805,24.41
1806,24.41
1807,24.41
1808,24.41
1809,24.41
1810,24.41
1811,24.41
1812,24.41
1813,24.41
1814,24.41
1815,24.41
1816,24.41
1817,24.41
1818,24.41
1819,24.41
1820,24.41
1821,24.41
1822,24.41
1823,24.41
1824,24.41
1825,24.41
1826,24.41
1827,24.41
1828,24.41
1829,24.41
1830,24.41
1831,24.41
1832,24.41
1833,24.41
1834,24.41
1835,24.41
1836,24.41
1837,24.41
1838,24.41
1839,24.41
1840,24.41
1841,24.41
1842,24.41
1843,24.41
1844,24.41
1845,24.41
1846,24.41
1847,24.41
1848,24.41
1849,24.41
1850,24.41
1851,24.41
1852,24.41
1853,24.41
1854,24.41
1855,24.41
1856,24.41
1857,24.41
1858,24.41
1859,24.41
1860,24.41
1861,24.41
1862,24.41
1863,24.41
1864,24.41
1865,24.41
1866,24.41
1867,24.41
1868,24.41
1869,24.41
1870,24.41
1871,24.41
1872,24.41
1873,24.41
1874,24.41
1875,24.41
1876,24.41
1877,24.41
1878,24.41
1879,24.41
1880,24.41
1881,24.41
1882,24.41
1883,24.41
1884,24.41
1885,24.41
1886,24.41
1887,24.41
1888,24.41
1889,24.41
1890,24.41
1891,24.41
1892,24.41
1893,24.41
1894,24.41
1895,24.41
1896,24.41
1897,24.41
1898,24.41
1899,24.41
1900,24.41
1901,24.41
1902,24.41
1903,24.41
1904,24.41
1905,24.41
1906,24.41
1907,24.41
1908,24.41
1909,24.41
1910,24.41
1911,24.41
1912,24.41
1913,24.41
1914,24.41
1915,24.41
1916,24.41
1917,24.41
1918,24.41
1919,24.41
1920,24.41
1921,24.41
1922,24.41
1923,24.41
1924,24.41
1925,24.41
1926,24.41
1927,24.41
1928,24.41
1929,24.41
1930,24.41
1931,24.41
1932,24.41
1933,24.41
1934,24.41
1935,24.41
1936,24.41
1937,24.41
1938,24.41
1939,24.41
1940,24.41
1941,24.41
1942,24.41
1943,24.41
1944,24.41
1945,24.41
1946,24.41
1947,24.41
1948,24.41
1949,24.41
1950,24.41
1951,24.41
1952,24.41
1953,24.41
1954,24.41
1955,24.41
1956,24.41
1957,24.41
1958,24.41
1959,24.41
1960,24.41
1961,24.41
1962,24.41
1963,24.41
1964,24.41
1965,24.41
1966,24.41
1967,24.41
1968,24.41
1969,24.41
1970,24.41
1971,24.41
1972,24.41
1973,24.9
1974,24.9
1975,24.9
1976,24.41
1977,24.9
1978,24.41
1979,24.41
1980,24.41
1981,24.41
1982,24.41
1983,24.41
1984,24.41
1985,24.41
1986,24.41
1987,24.41
1988,24.41
1989,24.41
1990,24.41
1991,24.41
1992,24.41
1993,24.41
1994,24.9
1995,24.41
1996,24.9
1997,24.41
1998,24.41
1999,24.41
2000,24.41
2001,24.41
2002,24.9
2003,24.41
2004,24.41
2005,24.41
2006,24.41
2007,24.41
2008,24.9
2009,24.41
2010,24.41
2011,24.41
2012,24.41
2013,24.41
2014,24.41
2015,24.41
2016,24.41
2017,24.41
2018,24.41
2019,24.41
2020,24.41
2021,24.41
2022,24.41
2023,24.41
2024,24.41
2025,24.41
2026,24.41
2027,24.41
2028,24.41
2029,24.9
2030,24.41
2031,24.41
2032,24.41
2033,24.41
2034,24.41
2035,24.41
2036,24.41
2037,24.41
2038,24.41
2039,24.41
2040,24.41
2041,24.41
2042,24.41
2043,24.41
2044,24.41
2045,24.41
2046,24.41
2047,24.41
2048,24.41
2049,24.41
2050,24.41
2051,24.41
2052,24.41
2053,24.41
2054,24.41
2055,24.41
2056,24.41
2057,24.41
2058,24.41
2059,24.41
2060,24.41
2061,24.41
2062,24.41
2063,24.41
2064,24.41
2065,24.41
2066,24.41
2067,24.41
2068,24.41
2069,24.41
2070,24.41
2071,24.41
2072,24.41
2073,24.41
2074,24.41
2075,24.41
2076,24.41
2077,24.41
2078,24.41
2079,24.41
2080,24.41
2081,24.41
2082,24.41
2083,24.41
2084,24.41
2085,24.41
2086,24.41
2087,24.41
2088,24.41
2089,24.41
2090,24.41
2091,24.41
2092,24.41
2093,24.41
2094,24.41
2095,24.41
2096,24.41
2097,24.41
2098,24.41
2099,24.41
2100,24.41
2101,24.41
2102,24.41
2103,24.41
2104,24.41
2105,24.41
2106,24.41
2107,24.41
2108,24.41
2109,24.41
2110,24.41
2111,24.41
2112,24.41
2113,24.41
2114,24.41
2115,24.41
2116,24.41
2117,24.41
2118,24.41
2119,24.41
2120,24.41
2121,24.41
2122,24.41
2123,24.41
2124,24.41
2125,24.41
2126,24.41
2127,24.41
2128,24.41
2129,24.41
2130,24.41
2131,24.41
2132,24.41
2133,24.41
2134,24.41
2135,24.41
2136,24.41
2137,24.41
2138,24.41
2139,24.41
2140,24.41
2141,24.41
2142,24.41
2143,24.41
2144,24.41
2145,24.41
2146,24.41
2147,24.41
2148,24.41
2149,24.41
2150,24.41
2151,24.41
2152,24.41
2153,24.41
2154,24.41
2155,24.41
2156,24.41
2157,24.41
2158,24.41
2159,24.41
2160,24.41
2161,24.41
2162,24.41
2163,24.41
2164,24.41
2165,24.41
2166,24.41
2167,24.41
2168,24.41
2169,24.41
2170,24.41
2171,24.41
2172,24.41
2173,24.41
2174,24.41
2175,24.41
2176,24.41
2177,24.41
2178,24.41
2179,24.41
2180,24.41
2181,24.41
2182,24.41
2183,24.41
2184,24.41
2185,24.41
2186,24.41
2187,24.41
2188,24.41
2189,24.41
2190,24.41
2191,24.41
2192,24.41
2193,24.41
2194,24.41
2195,24.41
2196,24.41
2197,24.41
2198,24.41
2199,24.41
2200,24.41
2201,24.41
2202,24.41
2203,24.41
2204,24.41
2205,24.41
2206,24.41
2207,24.41
2208,24.41
2209,24.41
2210,24.41
2211,24.41
2212,24.41
2213,24.41
2214,24.41
2215,24.41
2216,24.41
2217,24.41
2218,24.41
2219,24.41
2220,24.41
2221,24.41
2222,24.41
2223,24.41
2224,24.41
2225,24.41
2226,24.41
2227,24.41
2228,24.41
2229,24.41
2230,24.41
2231,24.41
2232,24.41
2233,24.41
2234,24.41
2235,24.41
2236,24.41
2237,24.41
2238,24.41
2239,24.41
2240,24.41
2241,24.41
2242,24.41
2243,24.41
2244,24.41
2245,24.41
2246,24.41
2247,24.41
2248,24.41
2249,24.41
2250,24.41
2251,24.41
2252,24.41
2253,24.41
2254,24.41
2255,24.41
2256,24.41
2257,24.41
2258,24.41
2259,24.41
2260,24.41
2261,24.41
2262,24.41
2263,24.41
2264,24.41
2265,24.9
2266,24.41
2267,24.41
2268,24.41
2269,24.41
2270,24.41
2271,24.41
2272,24.41
2273,24.41
2274,24.41
2275,24.41
2276,24.41
2277,24.41
2278,24.41
2279,24.41
2280,24.41
2281,24.41
2282,24.41
2283,24.41
2284,24.41
2285,24.41
2286,24.41
2287,24.41
2288,24.41
2289,24.41
2290,24.41
2291,24.41
2292,24.41
2293,24.41
2294,24.41
2295,24.41
2296,24.41
2297,24.41
2298,24.41
2299,24.41
2300,24.41
2301,24.41
2302,24.41
2303,24.41
2304,24.41
2305,24.41
2306,24.41
2307,24.41
2308,24.41
2309,24.41
2310,24.41
2311,24.41
2312,24.41
2313,24.41
2314,24.41
2315,24.41
2316,24.41
2317,24.41
2318,24.41
2319,24.41
2320,24.41
2321,24.41
2322,24.41
2323,24.41
2324,24.41
2325,24.41
2326,24.41
2327,24.41
2328,24.41
2329,24.41
2330,24.41
2331,24.41
2332,24.41
2333,24.41
2334,24.41
2335,24.41
2336,24.41
2337,24.41
2338,24.41
2339,24.41
2340,24.41
2341,24.41
2342,24.41
2343,24.41
2344,24.41
2345,24.41
2346,24.41
2347,24.41
2348,24.41
2349,24.41
2350,24.41
2351,24.41
2352,24.41
2353,24.41
2354,24.41
2355,24.41
2356,24.41
2357,24.41
2358,24.41
2359,24.41
2360,24.41
2361,24.41
2362,24.41
2363,24.41
2364,24.41
2365,24.41
2366,24.41
2367,24.41
2368,24.41
2369,24.41
2370,24.41
2371,24.41
2372,24.41
2373,24.41
2374,24.41
2375,24.41
2376,24.41
2377,24.41
2378,24.41
2379,24.41
2380,24.41
2381,24.41
2382,24.41
2383,24.41
2384,24.41
2385,24.41
2386,24.41
2387,24.41
2388,24.41
2389,24.41
2390,24.41
2391,24.41
2392,24.41
2393,24.41
2394,24.41
2395,24.41
2396,24.41
2397,24.41
2398,24.41
2399,24.41
2400,24.41
2401,24.41
2402,24.41
2403,24.41
2404,24.41
2405,24.41
2406,24.41
2407,24.41
2408,24.41
2409,24.41
2410,24.41
2411,24.41
2412,24.41
2413,24.41
2414,24.41
2415,24.41
2416,24.41
2417,24.41
2418,24.41
2419,24.41
2420,24.41
2421,24.41
2422,24.41
2423,24.41
2424,24.41
2425,24.41
2426,24.41
2427,24.41
2428,24.41
2429,24.41
2430,24.41
2431,24.41
2432,24.41
2433,24.41
2434,24.41
2435,24.41
2436,24.41
2437,24.41
2438,24.41
2439,24.41
2440,24.41
2441,24.41
2442,24.41
2443,24.41
2444,24.41
2445,24.41
2446,24.41
2447,24.41
2448,24.41
2449,24.41
2450,24.41
2451,24.41
2452,24.41
2453,24.41
2454,24.41
2455,24.41
2456,24.41
2457,24.41
2458,24.41
2459,24.41
2460,24.41
2461,24.41
2462,24.41
2463,24.41
2464,24.41
2465,24.41
2466,24.41
2467,24.41
2468,24.41
2469,24.41
2470,24.41
2471,24.41
2472,24.41
2473,24.41
2474,24.41
2475,24.41
2476,24.41
2477,24.41
2478,24.41
2479,24.41
2480,24.41
2481,24.41
2482,24.41
2483,24.41
2484,24.41
2485,24.41
2486,24.41
2487,24.41
2488,24.41
2489,24.41
2490,24.41
2491,24.41
2492,24.41
2493,24.41
2494,24.41
2495,24.41
2496,24.41
2497,24.41
2498,24.41
2499,24.41
2500,24.41
2501,24.41
2502,24.41
2503,24.41
2504,24.41
2505,24.41
2506,24.41
2507,24.41
2508,24.41
2509,24.41
2510,24.41
2511,24.41
2512,24.41
2513,24.41
2514,24.41
2515,24.41
2516,24.41
2517,24.41
2518,24.41
2519,24.41
2520,24.41
2521,24.41
2522,24.41
2523,24.41
2524,24.41
2525,24.41
2526,24.41
2527,24.41
2528,24.41
2529,24.41
2530,24.41
2531,24.41
2532,24.41
2533,24.41
2534,24.41
2535,24.41
2536,24.41
2537,24.41
2538,24.41
2539,24.41
2540,24.41
2541,24.41
2542,24.41
2543,24.41
2544,24.41
2545,24.41
2546,24.41
2547,24.41
2548,24.41
2549,24.41
2550,24.41
2551,24.41
2552,24.41
2553,24.41
2554,24.41
2555,24.41
2556,24.41
2557,24.41
2558,24.41
2559,24.41
2560,24.41
2561,24.41
2562,24.41
2563,24.41
2564,24.41
2565,24.41
2566,24.41
2567,24.41
2568,24.41
2569,24.41
2570,24.41
2571,24.41
2572,24.41
2573,24.41
2574,24.41
2575,24.41
2576,24.41
2577,24.41
2578,24.41
2579,24.41
2580,24.41
2581,24.41
2582,24.41
2583,24.41
2584,24.41
2585,24.41
2586,24.41
2587,24.41
2588,24.41
2589,24.41
2590,24.41
2591,24.41
2592,24.41
2593,24.41
2594,24.41
2595,24.41
2596,24.41
2597,24.41
2598,24.41
2599,24.41
2600,24.41
2601,24.41
2602,24.41
2603,24.41
2604,24.41
2605,24.41
2606,24.41
2607,24.41
2608,24.41
2609,24.41
2610,24.41
2611,24.41
2612,24.41
2613,24.41
2614,24.41
2615,24.41
2616,24.41
2617,24.41
2618,24.41
2619,24.41
2620,24.41
2621,24.41
2622,24.41
2623,24.41
2624,24.41
2625,24.41
2626,24.41
2627,24.41
2628,24.41
2629,24.41
2630,24.41
2631,24.41
2632,24.41
2633,24.41
2634,24.41
2635,24.41
2636,24.41
2637,24.41
2638,24.41
2639,24.41
2640,24.41
2641,24.41
2642,24.41
2643,24.41
2644,24.41
2645,24.41
2646,24.41
2647,24.41
2648,24.41
2649,24.41
2650,24.41
2651,24.41
2652,24.41
2653,24.41
2654,24.41
2655,24.41
2656,24.41
2657,24.41
2658,24.41
2659,24.41
2660,24.41
2661,24.41
2662,24.41
2663,24.41
2664,24.41
2665,24.41
2666,24.41
2667,24.41
2668,24.41
2669,24.41
2670,24.41
2671,24.41
2672,24.41
2673,24.41
2674,24.41
2675,24.41
2676,24.41
2677,24.41
2678,24.41
2679,24.41
2680,24.41
2681,24.41
2682,24.41
2683,24.41
2684,24.41
2685,24.41
2686,24.41
2687,24.41
2688,24.41
2689,24.41
2690,24.41
2691,24.41
2692,24.41
2693,24.41
2694,24.41
2695,24.41
2696,24.41
2697,24.41
2698,24.41
2699,24.41
2700,24.41
2701,24.41
2702,24.41
2703,24.41
2704,24.41
2705,24.41
2706,24.41
2707,24.41
2708,24.41
2709,24.41
2710,24.41
2711,24.41
2712,24.41
2713,24.41
2714,24.41
2715,24.41
2716,24.41
2717,24.41
2718,24.41
2719,24.41
2720,24.41
2721,24.41
2722,24.41
2723,24.41
2724,24.41
2725,24.41
2726,24.41
2727,24.41
2728,24.41
2729,24.41
2730,24.41
2731,24.41
2732,24.41
2733,24.41
2734,24.41
2735,24.41
2736,24.41
2737,24.41
2738,24.41
2739,24.41
2740,24.41
2741,24.41
2742,24.41
2743,24.41
2744,24.41
2745,24.41
2746,24.41
2747,24.41
2748,24.41
2749,24.41
2750,24.41
2751,24.41
2752,24.41
2753,24.41
2754,24.41
2755,24.41
2756,24.41
2757,24.41
2758,24.41
2759,24.41
2760,24.41
2761,24.41
2762,24.41
2763,24.41
2764,24.41
2765,24.41
2766,24.41
2767,24.41
2768,24.41
2769,24.41
2770,24.41
2771,24.41
2772,24.41
2773,24.41
2774,24.41
2775,24.41
2776,24.41
2777,24.41
2778,24.41
2779,24.41
2780,24.41
2781,24.41
2782,24.41
2783,24.41
2784,24.41
2785,24.41
2786,24.41
2787,24.41
2788,24.41
2789,24.41
2790,24.41
2791,24.41
2792,24.41
2793,24.41
2794,24.41
2795,24.41
2796,24.41
2797,24.41
2798,24.41
2799,24.41
2800,24.41
2801,24.41
2802,24.41
2803,24.41
2804,24.41
2805,24.41
2806,24.41
2807,24.41
2808,24.41
2809,24.41
2810,24.41
2811,24.41
2812,24.41
2813,24.41
2814,24.41
2815,24.41
2816,24.41
2817,24.41
2818,24.41
2819,24.41
2820,24.41
2821,24.41
2822,24.41
2823,24.41
2824,24.41
2825,24.41
2826,24.41
2827,24.41
2828,24.41
2829,24.41
2830,24.41
2831,24.41
2832,24.41
2833,24.41
2834,24.41
2835,24.41
2836,24.41
2837,24.41
2838,24.41
2839,24.41
2840,24.41
2841,24.41
2842,24.41
2843,24.41
2844,24.41
2845,24.41
2846,24.41
2847,24.41
2848,24.41
2849,24.41
2850,24.41
2851,24.41
2852,24.41
2853,24.41
2854,24.41
2855,24.41
2856,24.41
2857,24.41
2858,24.41
2859,24.41
2860,24.41
2861,24.41
2862,24.41
2863,24.41
2864,24.41
2865,24.41
2866,24.41
2867,24.41
2868,24.41
2869,24.41
2870,24.41
2871,24.41
2872,24.41
2873,24.41
2874,24.41
2875,24.41
2876,24.41
2877,24.41
2878,24.41
2879,24.41
2880,24.41
2881,24.41
2882,24.41
2883,24.41
2884,24.41
2885,24.41
2886,24.41
2887,24.41
2888,24.41
2889,24.41
2890,24.41
2891,24.41
2892,24.41
2893,24.41
2894,24.41
2895,24.41
2896,24.41
2897,24.41
2898,24.41
2899,24.41
2900,24.41
2901,24.41
2902,24.41
2903,24.41
2904,24.41
2905,24.41
2906,24.41
2907,24.41
2908,24.41
2909,24.41
2910,24.41
2911,24.41
2912,24.41
2913,24.41
2914,24.41
2915,24.41
2916,24.41
2917,24.41
2918,24.41
2919,24.41
2920,24.41
2921,24.41
2922,24.41
2923,24.41
2924,24.41
2925,24.41
2926,24.41
2927,24.41
2928,24.41
2929,24.41
2930,24.41
2931,24.41
2932,24.41
2933,24.41
2934,24.41
2935,24.41
2936,24.41
2937,24.41
2938,24.41
2939,24.41
2940,24.41
2941,24.41
2942,24.41
2943,24.41
2944,24.41
2945,24.41
2946,24.41
2947,24.41
2948,24.41
2949,24.41
2950,24.41
2951,24.41
2952,24.41
2953,24.41
2954,24.41
2955,24.41
2956,24.41
2957,24.41
2958,24.41
2959,24.41
2960,24.41
2961,24.41
2962,24.41
2963,24.41
2964,24.41
2965,24.41
2966,24.41
2967,24.41
2968,23.93
2969,24.41
2970,24.41
2971,24.41
2972,24.41
2973,24.41
2974,24.41
2975,24.41
2976,24.41
2977,24.41
2978,24.41
2979,24.41
2980,24.41
2981,24.41
2982,24.41
2983,24.41
2984,24.41
2985,24.41
2986,24.41
2987,24.41
2988,24.41
2989,24.41
2990,24.41
2991,24.41
2992,24.41
2993,24.41
2994,24.41
2995,24.41
2996,24.41
2997,24.41
2998,24.41
2999,24.41
3000,24.41
3001,23.93
3002,24.41
3003,24.41
3004,24.41
3005,24.41
3006,24.41
3007,24.41
3008,24.41
3009,24.41
3010,24.41
3011,24.41
3012,24.41
3013,24.41
3014,24.41
3015,24.41
3016,24.41
3017,24.41
3018,24.41
3019,24.41
3020,24.41
3021,24.41
3022,24.41
3023,24.41
3024,24.41
3025,24.41
3026,24.41
3027,24.41
3028,24.41
3029,24.41
3030,24.41
3031,24.41
3032,24.41
3033,24.41
3034,24.41
3035,24.41
3036,24.41
3037,24.41
3038,23.93
3039,24.41
3040,24.41
3041,24.41
3042,24.41
3043,24.41
3044,24.41
3045,24.41
3046,23.93
3047,24.41
3048,23.93
3049,24.41
3050,24.41
3051,24.41
3052,24.41
3053,24.41
3054,24.41
3055,23.93
3056,24.41
3057,23.93
3058,24.41
3059,24.41
3060,24.41
3061,24.41
3062,24.41
3063,24.41
3064,24.41
3065,24.41
3066,24.41
3067,24.41
3068,24.41
3069,24.41
3070,24.41
3071,24.41
3072,24.41
3073,24.41
3074,24.41
3075,24.41
3076,24.41
3077,24.41
3078,24.41
3079,24.41
3080,24.41
3081,24.41
3082,24.41
3083,24.41
3084,24.41
3085,24.41
3086,24.41
3087,24.41
3088,24.41
3089,24.41
3090,24.41
3091,23.93
3092,24.41
3093,24.41
3094,23.93
3095,24.41
3096,24.41
3097,24.41
3098,24.41
3099,24.41
3100,24.41
3101,24.41
3102,24.41
3103,24.41
3104,24.41
3105,24.41
3106,24.41
3107,24.41
3108,24.41
3109,24.41
3110,24.41
3111,24.41
3112,24.41
3113,24.41
3114,24.41
3115,24.41
3116,24.41
3117,24.41
3118,24.41
3119,24.41
3120,24.41
3121,24.41
3122,24.41
3123,23.93
3124,24.41
3125,24.41
3126,23.93
3127,23.93
3128,23.93
3129,23.93
3130,23.93
3131,23.93
3132,23.93
3133,23.93
3134,23.93
3135,23.93
3136,23.93
3137,23.93
3138,23.93
3139,23.93
3140,23.93
3141,23.93
3142,23.93
3143,23.93
3144,23.93
3145,23.93
3146,23.93
3147,23.93
3148,23.93
3149,23.93
3150,23.93
3151,23.93
3152,23.93
3153,23.93
3154,23.93
3155,23.93
3156,23.93
3157,23.93
3158,23.93
3159,23.93
3160,23.93
3161,23.93
3162,24.41
3163,23.93
3164,24.41
3165,24.41
3166,24.41
3167,24.41
3168,23.93
3169,24.41
3170,24.41
3171,24.41
3172,23.93
3173,24.41
3174,24.41
3175,24.41
3176,24.41
3177,24.41
3178,24.41
3179,24.41
3180,24.41
3181,24.41
3182,24.41
3183,23.93
3184,24.41
3185,23.93
3186,24.41
3187,24.41
3188,23.93
3189,24.41
3190,23.93
3191,23.93
3192,23.93
3193,23.93
3194,23.93
3195,23.93
3196,23.93
3197,23.93
3198,23.93
3199,23.93
3200,23.93
3201,23.93
3202,23.93
3203,23.93
3204,23.93
3205,23.93
3206,23.93
3207,23.93
3208,23.93
3209,23.93
3210,23.93
3211,23.93
3212,23.93
3213,24.41
3214,24.41
3215,24.41
3216,23.93
3217,23.93
3218,24.41
3219,24.41
3220,24.41
3221,24.41
3222,24.41
3223,24.41
3224,24.41
3225,23.93
3226,24.41
3227,24.41
3228,24.41
3229,24.41
3230,23.93
3231,24.41
3232,24.41
3233,23.93
3234,24.41
3235,24.41
3236,24.41
3237,24.41
3238,23.93
3239,23.93
3240,23.93
3241,23.93
3242,23.93
3243,23.93
3244,23.93
3245,23.93
3246,23.93
3247,23.93
3248,23.93
3249,23.93
3250,23.93
3251,23.93
3252,23.93
3253,23.93
3254,24.41
3255,24.41
3256,24.41
3257,24.41
3258,24.41
3259,24.41
3260,24.41
3261,23.93
3262,24.41
3263,23.93
3264,24.41
3265,23.93
3266,24.41
3267,23.93
3268,24.41
3269,24.41
3270,23.93
3271,24.41
3272,24.41
3273,24.41
3274,24.41
3275,24.41
3276,24.41
3277,23.93
3278,24.41
3279,23.93
3280,24.41
3281,24.41
3282,24.41
3283,24.41
3284,24.41
3285,24.41
3286,24.41
3287,24.41
3288,23.93
3289,24.41
3290,24.41
3291,24.41
3292,24.41
3293,24.41
3294,24.41
3295,24.41
3296,24.41
3297,24.41
3298,24.41
3299,24.41
3300,24.41
3301,24.41
3302,24.41
3303,24.41
3304,23.93
3305,24.41
3306,24.41
3307,24.41
3308,24.41
3309,24.41
3310,23.93
3311,23.93
3312,23.93
3313,24.41
3314,23.93
3315,24.41
3316,24.41
3317,23.93
3318,24.41
3319,24.41
3320,24.41
3321,24.41
3322,24.41
3323,24.41
3324,23.93
3325,24.41
3326,23.93
3327,24.41
3328,24.41
3329,24.41
3330,23.93
3331,23.93
3332,24.41
3333,23.93
3334,23.93
3335,23.93
3336,24.41
3337,23.93
3338,23.93
3339,24.41
3340,23.93
3341,23.93
3342,23.93
3343,24.41
3344,24.41
3345,23.93
3346,24.41
3347,23.93
3348,24.41
3349,24.41
3350,24.41
3351,23.93
3352,23.93
3353,23.93
3354,24.41
3355,23.93
3356,24.41
3357,24.41
3358,23.93
3359,23.93
3360,24.41
3361,23.93
3362,23.93
3363,23.93
3364,23.93
3365,23.93
3366,23.93
3367,23.93
3368,23.93
3369,23.93
3370,23.93
3371,23.93
3372,23.93
3373,23.93
3374,23.93
3375,23.93
3376,23.93
3377,23.93
3378,23.93
3379,23.93
3380,23.93
3381,23.93
3382,23.93
3383,23.93
3384,23.93
3385,23.93
3386,23.93
3387,23.93
3388,23.93
3389,23.93
3390,23.93
3391,23.93
3392,23.93
3393,23.93
3394,23.93
3395,23.93
3396,23.93
3397,23.93
3398,23.93
3399,23.93
3400,23.93
3401,23.93
3402,23.93
3403,23.93
3404,23.93
3405,23.93
3406,23.93
3407,23.93
3408,23.93
3409,23.93
3410,23.93
3411,23.93
3412,23.93
3413,23.93
3414,23.93
3415,23.93
3416,23.93
3417,23.93
3418,23.93
3419,23.93
3420,23.93
3421,23.93
3422,23.93
3423,23.93
3424,23.93
3425,23.93
3426,23.93
3427,23.93
3428,23.93
3429,23.93
3430,23.93
3431,23.93
3432,23.93
3433,23.93
3434,23.93
3435,23.93
3436,23.93
3437,23.93
3438,23.93
3439,23.93
3440,23.93
3441,23.93
3442,23.93
3443,23.93
3444,23.93
3445,23.93
3446,23.93
3447,23.93
3448,23.93
3449,23.93
3450,23.93
3451,23.93
3452,23.93
3453,23.93
3454,23.93
3455,23.93
3456,23.93
3457,23.93
3458,23.93
3459,23.93
3460,23.93
3461,23.93
3462,23.93
3463,23.93
3464,23.93
3465,23.93
3466,23.93
3467,23.93
3468,23.93
3469,23.93
3470,23.93
3471,23.93
3472,23.93
3473,23.93
3474,23.93
3475,23.93
3476,23.93
3477,23.93
3478,23.93
3479,23.93
3480,23.93
3481,23.93
3482,23.93
3483,23.93
3484,23.93
3485,23.93
3486,23.93
3487,23.93
3488,23.93
3489,23.93
3490,23.93
3491,23.93
3492,23.93
3493,23.93
3494,23.93
3495,23.93
3496,23.93
3497,23.93
3498,23.93
3499,23.93
3500,23.93
3501,23.93
3502,23.93
3503,23.93
3504,23.93
3505,23.93
3506,23.93
3507,23.93
3508,23.93
3509,23.93
3510,23.93
3511,23.93
3512,23.93
3513,23.93
3514,23.93
3515,23.93
3516,23.93
3517,23.93
3518,23.93
3519,23.93
3520,23.93
3521,23.93
3522,23.93
3523,23.93
3524,23.93
3525,23.93
3526,23.93
3527,23.93
3528,23.93
3529,23.93
3530,23.93
3531,23.93
3532,23.93
3533,23.93
3534,23.93
3535,23.93
3536,23.93
3537,23.93
3538,23.93
3539,23.93
3540,23.93
3541,23.93
3542,23.93
3543,23.93
3544,23.93
3545,23.93
3546,23.93
3547,23.93
3548,23.93
3549,23.93
3550,23.93
3551,23.93
3552,23.93
3553,23.93
3554,23.93
3555,23.93
3556,23.93
3557,23.93
3558,23.93
3559,23.93
3560,23.93
3561,23.93
3562,23.93
3563,23.93
3564,23.93
3565,23.93
3566,23.93
3567,23.93
3568,23.93
3569,23.93
3570,23.93
3571,23.93
3572,23.93
3573,23.93
3574,23.93
3575,23.93
3576,23.93
3577,23.93
3578,23.93
3579,23.93
3580,23.93
3581,23.93
3582,23.93
3583,23.93
3584,23.93
3585,23.93
3586,23.93
3587,23.93
3588,23.93
3589,23.93
3590,23.93
3591,23.93
3592,23.93
3593,23.93
3594,23.93
3595,23.93
3596,23.93
3597,23.93
3598,23.93
3599,23.93
3600,23.93
3601,23.93
3602,23.93
3603,23.93
3604,23.93
3605,23.93
3606,23.93
3607,23.93
3608,23.93
3609,23.93
3610,23.93
3611,23.93
3612,23.93
3613,23.93
3614,23.93
3615,23.93
3616,23.93
3617,23.93
3618,23.93
3619,23.93
3620,23.93
3621,23.93
3622,23.93
3623,23.93
3624,23.93
3625,23.93
3626,23.93
3627,23.93
3628,23.93
3629,23.93
3630,23.93
3631,23.93
3632,23.93
3633,23.93
3634,23.93
3635,23.93
3636,23.93
3637,23.93
3638,23.93
3639,23.93
3640,23.93
3641,23.93
3642,23.93
3643,23.93
3644,23.93
3645,23.93
3646,23.93
3647,23.93
3648,23.93
3649,23.93
3650,23.93
3651,23.93
3652,23.93
3653,23.93
3654,23.93
3655,23.93
3656,23.93
3657,23.93
3658,23.93
3659,23.93
3660,23.93
3661,23.93
3662,23.93
3663,23.93
3664,23.93
3665,23.93
3666,23.93
3667,23.93
3668,23.93
3669,23.93
3670,23.93
3671,23.93
3672,23.93
3673,23.93
3674,23.93
3675,23.93
3676,23.93
3677,23.93
3678,23.93
3679,23.93
3680,23.93
3681,23.93
3682,23.93
3683,23.93
3684,23.93
3685,23.93
3686,23.93
3687,23.93
3688,23.93
3689,23.93
3690,23.93
3691,23.93
3692,23.44
3693,23.93
3694,23.93
3695,23.93
3696,23.93
3697,23.93
3698,23.93
3699,23.93
3700,23.93
3701,23.93
3702,23.93
3703,23.93
3704,23.93
3705,23.93
3706,23.93
3707,23.93
3708,23.93
3709,23.93
3710,23.93
3711,23.93
3712,23.93
3713,23.93
3714,23.93
3715,23.93
3716,23.93
3717,23.93
3718,23.93
3719,23.93
3720,23.93
3721,23.93
3722,23.93
3723,23.93
3724,23.93
3725,23.93
3726,23.93
3727,23.93
3728,23.93
3729,23.93
3730,23.93
3731,23.93
3732,23.44
3733,23.93
3734,23.93
3735,23.93
3736,23.93
3737,23.93
3738,23.93
3739,23.93
3740,23.93
3741,23.44
3742,23.93
3743,23.93
3744,23.93
3745,23.93
3746,23.93
3747,23.93
3748,23.93
3749,23.93
3750,23.93
3751,23.93
3752,23.93
3753,23.93
3754,23.93
3755,23.93
3756,23.93
3757,23.93
3758,23.93
3759,23.93
3760,23.93
3761,23.93
3762,23.93
3763,23.93
3764,23.93
3765,23.93
3766,23.93
3767,23.93
3768,23.93
3769,23.93
3770,23.93
3771,23.93
3772,23.93
3773,23.93
3774,23.93
3775,23.93
3776,23.93
3777,23.93
3778,23.93
3779,23.93
3780,23.93
3781,23.93
3782,23.93
3783,23.93
3784,23.93
3785,23.93
3786,23.93
3787,23.93
3788,23.93
3789,23.93
3790,23.93
3791,23.93
3792,23.93
3793,23.93
3794,23.93
3795,23.93
3796,23.93
3797,23.93
3798,23.93
3799,23.93
3800,23.93
3801,23.93
3802,23.93
3803,23.93
3804,23.93
3805,23.93
3806,23.93
3807,23.93
3808,23.93
3809,23.93
3810,23.93
3811,23.93
3812,23.93
3813,23.93
3814,23.93
3815,23.93
3816,23.93
3817,23.93
3818,23.93
3819,23.93
3820,23.93
3821,23.93
3822,23.93
3823,23.93
3824,23.93
3825,23.93
3826,23.93
3827,23.93
3828,23.93
3829,23.93
3830,23.93
3831,23.93
3832,23.93
3833,23.93
3834,23.93
3835,23.93
3836,23.93
3837,23.93
3838,23.93
3839,23.93
3840,23.93
3841,23.93
3842,23.93
3843,23.93
3844,23.93
3845,23.93
3846,23.93
3847,23.93
3848,23.93
3849,23.93
3850,23.93
3851,23.93
3852,23.93
3853,23.93
3854,23.93
3855,23.93
3856,23.93
3857,23.93
3858,23.93
3859,23.93
3860,23.93
3861,23.93
3862,23.93
3863,23.93
3864,23.93
3865,23.93
3866,23.93
3867,23.93
3868,23.93
3869,23.93
3870,23.93
3871,23.93
3872,23.93
3873,23.93
3874,23.93
3875,23.93
3876,23.93
3877,23.93
3878,23.93
3879,23.93
3880,23.93
3881,23.93
3882,23.93
3883,23.93
3884,23.93
3885,23.93
3886,23.93
3887,23.93
3888,23.93
3889,23.93
3890,23.93
3891,23.93
3892,23.93
3893,23.93
3894,23.93
3895,23.93
3896,23.44
3897,23.93
3898,23.93
3899,23.93
3900,23.93
3901,23.93
3902,23.93
3903,23.93
3904,23.93
3905,23.93
3906,23.93
3907,23.93
3908,23.93
3909,23.93
3910,23.93
3911,23.93
3912,23.93
3913,23.93
3914,23.93
3915,23.93
3916,23.93
3917,23.93
3918,23.93
3919,23.93
3920,23.93
3921,23.93
3922,23.93
3923,23.93
3924,23.93
3925,23.93
3926,23.93
3927,23.44
3928,23.93
3929,23.93
3930,23.93
3931,23.93
3932,23.93
3933,23.93
3934,23.93
3935,23.93
3936,23.93
3937,23.93
3938,23.93
3939,23.93
3940,23.93
3941,23.93
3942,23.93
3943,23.93
3944,23.93
3945,23.93
3946,23.93
3947,23.93
3948,23.93
3949,23.93
3950,23.93
3951,23.93
3952,23.93
3953,23.93
3954,23.93
3955,23.93
3956,23.93
3957,23.93
3958,23.93
3959,23.93
3960,23.93
3961,23.93
3962,23.93
3963,23.93
3964,23.93
3965,23.93
3966,23.93
3967,23.93
3968,23.93
3969,23.93
3970,23.93
3971,23.93
3972,23.93
3973,23.93
3974,23.93
3975,23.93
3976,23.93
3977,23.93
3978,23.93
3979,23.93
3980,23.93
3981,23.93
3982,23.93
3983,23.93
3984,23.93
3985,23.93
3986,23.93
3987,23.93
3988,23.93
3989,23.93
3990,23.93
3991,23.93
3992,23.44
3993,23.93
3994,23.93
3995,23.93
3996,23.93
3997,23.93
3998,23.93
3999,23.44
4000,23.44
4001,23.93
4002,23.44
4003,23.93
4004,23.93
4005,23.93
4006,23.44
4007,23.44
4008,23.93
4009,23.44
4010,23.93
4011,23.93
4012,23.93
4013,23.93
4014,23.93
4015,23.44
4016,23.93
4017,23.93
4018,23.93
4019,23.44
4020,23.93
4021,23.93
4022,23.44
4023,23.44
4024,23.44
4025,23.93
4026,23.93
4027,23.93
4028,23.93
4029,23.93
4030,23.93
4031,23.93
4032,23.93
4033,23.93
4034,23.93
4035,23.93
4036,23.44
4037,23.93
4038,23.44
4039,23.93
4040,23.44
4041,23.93
4042,23.44
4043,23.93
4044,23.93
4045,23.44
4046,23.44
4047,23.93
4048,23.93
4049,23.93
4050,23.93
4051,23.93
4052,23.44
4053,23.93
4054,23.93
4055,23.93
4056,23.93
4057,23.93
4058,23.93
4059,23.93
4060,23.93
4061,23.93
4062,23.93
4063,23.93
4064,23.93
4065,23.93
4066,23.93
4067,23.44
4068,23.93
4069,23.93
4070,23.93
4071,23.93
4072,23.93
4073,23.44
4074,23.93
4075,23.93
4076,23.44
4077,23.93
4078,23.93
4079,23.93
4080,23.93
4081,23.93
4082,23.93
4083,23.93
4084,23.93
4085,23.93
4086,23.93
4087,23.93
4088,23.93
4089,23.93
4090,23.93
4091,23.93
4092,23.93
4093,23.93
4094,23.93
4095,23.93
4096,23.93
4097,23.93
4098,23.93
4099,23.93
4100,23.93
4101,23.93
4102,23.93
4103,23.93
4104,23.93
4105,23.93
4106,23.93
4107,23.93
4108,23.93
4109,23.93
4110,23.93
4111,23.93
4112,23.93
4113,23.93
4114,23.93
4115,23.93
4116,23.93
4117,23.93
4118,23.93
4119,23.93
4120,23.93
4121,23.93
4122,23.93
4123,23.93
4124,23.93
4125,23.93
4126,23.93
4127,23.93
4128,23.93
4129,23.93
4130,23.93
4131,23.93
4132,23.93
4133,23.93
4134,23.93
4135,23.93
4136,23.93
4137,23.93
4138,23.93
4139,23.93
4140,23.93
4141,23.93
4142,23.44
4143,23.93
4144,23.93
4145,23.93
4146,23.93
4147,23.93
4148,23.93
4149,23.93
4150,23.93
4151,23.93
4152,23.93
4153,23.93
4154,23.93
4155,23.93
4156,23.93
4157,23.93
4158,23.93
4159,23.93
4160,23.93
4161,23.93
4162,23.93
4163,23.93
4164,23.93
4165,23.93
4166,23.93
4167,23.93
4168,23.93
4169,23.93
4170,23.93
4171,23.93
4172,23.93
4173,23.93
4174,23.93
4175,23.93
4176,23.93
4177,23.93
4178,23.93
4179,23.93
4180,23.93
4181,23.93
4182,23.93
4183,23.93
4184,23.93
4185,23.93
4186,23.93
4187,23.44
4188,23.93
4189,23.44
4190,23.44
4191,23.44
4192,23.44
4193,23.44
4194,23.44
4195,23.44
4196,23.93
4197,23.93
4198,23.93
4199,23.93
4200,23.93
4201,23.44
4202,23.93
4203,23.93
4204,23.93
4205,23.93
4206,23.93
4207,23.93
4208,23.93
4209,23.93
4210,23.93
4211,23.93
4212,23.93
4213,23.44
4214,23.93
4215,23.44
4216,23.44
4217,23.93
4218,23.44
4219,23.44
4220,23.44
4221,23.44
4222,23.44
4223,23.44
4224,23.44
4225,23.44
4226,23.93
4227,23.44
4228,23.93
4229,23.44
4230,23.44
4231,23.44
4232,23.44
4233,23.44
4234,23.93
4235,23.93
4236,23.44
4237,23.93
4238,23.44
4239,23.93
4240,23.93
4241,23.93
4242,23.44
4243,23.93
4244,23.44
4245,23.93
4246,23.93
4247,23.93
4248,23.93
4249,23.93
4250,23.93
4251,23.93
4252,23.93
4253,23.93
4254,23.93
4255,23.93
4256,23.93
4257,23.93
4258,23.93
4259,23.93
4260,23.93
4261,23.93
4262,23.93
4263,23.93
4264,23.93
4265,23.93
4266,23.44
4267,23.93
4268,23.44
4269,23.44
4270,23.44
4271,23.93
4272,23.93
4273,23.44
4274,23.44
4275,23.93
4276,23.93
4277,23.44
4278,23.44
4279,23.93
4280,23.93
4281,23.93
4282,23.93
4283,23.44
4284,23.93
4285,23.44
4286,23.93
4287,23.93
4288,23.93
4289,23.44
4290,23.44
4291,23.44
4292,23.44
4293,23.44
4294,23.44
4295,23.93
4296,23.44
4297,23.93
4298,23.44
4299,23.44
4300,23.44
4301,23.93
4302,23.44
4303,23.44
4304,23.44
4305,23.44
4306,23.44
4307,23.44
4308,23.44
4309,23.44
4310,23.44
4311,23.44
4312,23.44
4313,23.44
4314,23.44
4315,23.44
4316,23.44
4317,23.44
4318,23.44
4319,23.44
4320,23.44
4321,23.44
4322,23.44
4323,23.44
4324,23.44
4325,23.44
4326,23.44
4327,23.44
4328,23.44
4329,23.44
4330,23.44
4331,23.44
4332,23.44
4333,23.44
4334,23.44
4335,23.44
4336,23.44
4337,23.44
4338,23.44
4339,23.44
4340,23.44
4341,23.44
4342,23.44
4343,23.44
4344,23.93
4345,23.44
4346,23.44
4347,23.44
4348,23.93
4349,23.44
4350,23.93
4351,23.44
4352,23.44
4353,23.93
4354,23.44
4355,23.44
4356,23.44
4357,23.44
4358,23.44
4359,23.93
4360,23.93
4361,23.93
4362,23.44
4363,23.44
4364,23.93
4365,23.93
4366,23.44
4367,23.44
4368,23.44
4369,23.44
4370,23.44
4371,23.44
4372,23.44
4373,23.44
4374,23.44
4375,23.44
4376,23.44
4377,23.44
4378,23.44
4379,23.44
4380,23.44
4381,23.44
4382,23.44
4383,23.44
4384,23.44
4385,23.44
4386,23.44
4387,23.44
4388,23.44
4389,23.44
4390,23.44
4391,23.44
4392,23.44
4393,23.44
4394,23.44
4395,23.44
4396,23.44
4397,23.44
4398,23.44
4399,23.44
4400,23.44
4401,23.44
4402,23.44
4403,23.44
4404,23.44
4405,23.44
4406,23.44
4407,23.44
4408,23.44
4409,23.44
4410,23.44
4411,23.44
4412,23.44
4413,23.44
4414,23.44
4415,23.44
4416,23.44
4417,23.44
4418,23.44
4419,23.44
4420,23.44
4421,23.44
4422,23.44
4423,23.44
4424,23.44
4425,23.44
4426,23.44
4427,23.44
4428,23.44
4429,23.44
4430,23.44
4431,23.44
4432,23.44
4433,23.44
4434,23.44
4435,23.44
4436,23.44
4437,23.44
4438,23.44
4439,23.44
4440,23.44
4441,23.44
4442,23.44
4443,23.44
4444,23.44
4445,23.44
4446,23.44
4447,23.44
4448,23.44
4449,23.44
4450,23.44
4451,23.44
4452,23.44
4453,23.44
4454,23.44
4455,23.44
4456,23.44
4457,23.44
4458,23.44
4459,23.44
4460,23.44
4461,23.44
4462,23.44
4463,23.44
4464,23.44
4465,23.44
4466,23.44
4467,23.44
4468,23.44
4469,23.44
4470,23.44
4471,23.44
4472,23.44
4473,23.44
4474,23.44
4475,23.44
4476,23.44
4477,23.44
4478,23.44
4479,23.44
4480,23.44
4481,23.44
4482,23.44
4483,23.44
4484,23.44
4485,23.44
4486,23.44
4487,23.44
4488,23.44
4489,23.44
4490,23.44
4491,23.44
4492,23.44
4493,23.44
4494,23.44
4495,23.44
4496,23.44
4497,23.44
4498,23.44
4499,23.44
4500,23.44
4501,23.44
4502,23.44
4503,23.44
4504,23.44
4505,23.44
4506,23.44
4507,23.44
4508,23.44
4509,23.44
4510,23.44
4511,23.44
4512,23.44
4513,23.44
4514,23.44
4515,23.44
4516,23.44
4517,23.44
4518,23.44
4519,23.44
4520,23.44
4521,23.44
4522,23.44
4523,23.44
4524,23.44
4525,23.44
4526,23.44
4527,23.44
4528,23.44
4529,23.44
4530,23.44
4531,23.44
4532,23.44
4533,23.44
4534,23.44
4535,23.44
4536,23.44
4537,23.44
4538,23.44
4539,23.44
4540,23.44
4541,23.44
4542,23.44
4543,23.44
4544,23.44
4545,23.44
4546,23.44
4547,23.44
4548,23.44
4549,23.44
4550,23.44
4551,23.44
4552,23.44
4553,23.44
4554,23.44
4555,23.44
4556,23.44
4557,23.44
4558,23.44
4559,23.44
4560,23.44
4561,23.44
4562,23.44
4563,23.44
4564,23.44
4565,23.44
4566,23.44
4567,23.44
4568,23.44
4569,23.44
4570,23.44
4571,23.44
4572,23.44
4573,23.44
4574,23.44
4575,23.44
4576,23.44
4577,23.44
4578,23.44
4579,23.44
4580,23.44
4581,23.44
4582,23.44
4583,23.44
4584,23.44
4585,23.44
4586,23.44
4587,23.44
4588,23.44
4589,23.44
4590,23.44
4591,23.44
4592,23.44
4593,23.44
4594,23.44
4595,23.44
4596,23.44
4597,23.44
4598,23.44
4599,23.44
4600,23.44
4601,23.44
4602,23.44
4603,23.44
4604,23.44
4605,23.44
4606,23.44
4607,23.44
4608,23.44
4609,23.44
4610,23.44
4611,23.44
4612,23.44
4613,23.44
4614,23.44
4615,23.44
4616,23.44
4617,23.44
4618,23.44
4619,23.44
4620,23.44
4621,23.44
4622,23.44
4623,23.44
4624,23.44
4625,23.44
4626,23.44
4627,23.44
4628,23.44
4629,23.44
4630,23.44
4631,23.44
4632,23.44
4633,23.44
4634,23.44
4635,23.44
4636,23.44
4637,23.44
4638,23.44
4639,23.44
4640,23.44
4641,23.44
4642,23.44
4643,23.44
4644,23.44
4645,23.44
4646,23.44
4647,23.44
4648,23.44
4649,23.44
4650,23.44
4651,23.44
4652,23.44
4653,23.44
4654,23.44
4655,23.44
4656,23.44
4657,23.44
4658,23.44
4659,23.44
4660,23.44
4661,23.44
4662,23.44
4663,23.44
4664,23.44
4665,23.44
4666,23.44
4667,23.44
4668,23.44
4669,23.44
4670,23.44
4671,23.44
4672,23.44
4673,23.44
4674,23.44
4675,23.44
4676,23.44
4677,23.44
4678,23.44
4679,23.44
4680,23.44
4681,23.44
4682,23.44
4683,23.44
4684,23.44
4685,23.44
4686,23.44
4687,23.44
4688,23.44
4689,23.44
4690,23.44
4691,23.44
4692,23.44
4693,23.44
4694,23.44
4695,23.44
4696,23.44
4697,23.44
4698,23.44
4699,23.44
4700,23.44
4701,23.44
4702,23.44
4703,23.44
4704,23.44
4705,23.44
4706,23.44
4707,23.44
4708,23.44
4709,23.44
4710,23.44
4711,23.44
4712,23.44
4713,23.44
4714,23.44
4715,23.44
4716,23.44
4717,23.44
4718,23.44
4719,23.44
4720,23.44
4721,23.44
4722,23.44
4723,23.44
4724,23.44
4725,23.44
4726,23.44
4727,23.44
4728,23.44
4729,23.44
4730,23.44
4731,23.44
4732,23.44
4733,23.44
4734,23.44
4735,23.44
4736,23.44
4737,23.44
4738,23.44
4739,23.44
4740,23.44
4741,23.44
4742,23.44
4743,23.44
4744,23.44
4745,23.44
4746,23.44
4747,23.44
4748,23.44
4749,23.44
4750,23.44
4751,23.44
4752,23.44
4753,23.44
4754,23.44
4755,23.44
4756,23.44
4757,23.44
4758,23.44
4759,23.44
4760,23.44
4761,23.44
4762,23.44
4763,23.44
4764,23.44
4765,23.44
4766,23.44
4767,23.44
4768,23.44
4769,23.44
4770,23.44
4771,23.44
4772,23.44
4773,23.44
4774,23.44
4775,23.44
4776,23.44
4777,23.44
4778,23.44
4779,23.44
4780,23.44
4781,23.44
4782,23.44
4783,23.44
4784,23.44
4785,23.44
4786,23.44
4787,23.44
4788,23.44
4789,23.44
4790,23.44
4791,23.44
4792,23.44
4793,23.44
4794,23.44
4795,23.44
4796,23.44
4797,23.44
4798,23.44
4799,23.44
4800,23.44
4801,23.44
4802,23.44
4803,23.44
4804,23.44
4805,23.44
4806,23.44
4807,23.44
4808,23.44
4809,23.44
4810,23.44
4811,23.44
4812,23.44
4813,23.44
4814,23.44
4815,23.44
4816,23.44
4817,23.44
4818,23.44
4819,23.44
4820,23.44
4821,23.44
4822,23.44
4823,23.44
4824,23.44
4825,23.44
4826,23.44
4827,23.44
4828,23.44
4829,23.44
4830,23.44
4831,23.44
4832,23.44
4833,23.44
4834,23.44
4835,23.44
4836,23.44
4837,23.44
4838,23.44
4839,23.44
4840,23.44
4841,23.44
4842,23.44
4843,23.44
4844,23.44
4845,23.44
4846,23.44
4847,23.44
4848,23.44
4849,23.44
4850,23.44
4851,23.44
4852,23.44
4853,23.44
4854,23.44
4855,23.44
4856,23.44
4857,23.44
4858,23.44
4859,23.44
4860,23.44
4861,23.44
4862,23.44
4863,23.44
4864,23.44
4865,23.44
4866,23.44
4867,23.44
4868,23.44
4869,23.44
4870,23.44
4871,23.44
4872,23.44
4873,23.44
4874,23.44
4875,23.44
4876,23.44
4877,23.44
4878,23.44
4879,23.44
4880,23.44
4881,23.44
4882,23.44
4883,23.44
4884,23.44
4885,23.44
4886,23.44
4887,23.44
4888,23.44
4889,23.44
4890,23.44
4891,23.44
4892,23.44
4893,23.44
4894,23.44
4895,23.44
4896,23.44
4897,23.44
4898,23.44
4899,23.44
4900,23.44
4901,23.44
4902,23.44
4903,23.44
4904,23.44
4905,23.44
4906,23.44
4907,23.44
4908,23.44
4909,23.44
4910,23.44
4911,23.44
4912,23.44
4913,23.44
4914,23.44
4915,23.44
4916,23.44
4917,23.44
4918,23.44
4919,23.44
4920,23.44
4921,23.44
4922,23.44
4923,23.44
4924,23.44
4925,23.44
4926,23.44
4927,23.44
4928,23.44
4929,23.44
4930,23.44
4931,23.44
4932,23.44
4933,23.44
4934,23.44
4935,23.44
4936,23.44
4937,23.44
4938,23.44
4939,23.44
4940,23.44
4941,23.44
4942,23.44
4943,23.44
4944,23.44
4945,23.44
4946,23.44
4947,23.44
4948,23.44
4949,23.44
4950,23.44
4951,23.44
4952,23.44
4953,23.44
4954,23.44
4955,23.44
4956,23.44
4957,23.44
4958,23.44
4959,23.44
4960,23.44
4961,23.44
4962,23.44
4963,23.44
4964,23.44
4965,23.44
4966,23.44
4967,23.44
4968,23.44
4969,23.44
4970,23.44
4971,23.44
4972,23.44
4973,23.44
4974,23.44
4975,23.44
4976,23.44
4977,23.44
4978,23.44
4979,23.44
4980,23.44
4981,23.44
4982,23.44
4983,23.44
4984,23.44
4985,23.44
4986,23.44
4987,23.44
4988,23.44
4989,23.44
4990,23.44
4991,23.44
4992,23.44
4993,23.44
4994,23.44
4995,23.44
4996,23.44
4997,23.44
4998,23.44
4999,23.44
5000,23.44
5001,23.44
5002,23.44
5003,23.44
5004,23.44
5005,23.44
5006,23.44
5007,23.44
5008,23.44
5009,23.44
5010,23.44
5011,23.44
5012,23.44
5013,23.44
5014,23.44
5015,23.44
5016,23.44
5017,23.44
5018,23.44
5019,23.44
5020,23.44
5021,23.44
5022,23.44
5023,23.44
5024,23.44
5025,23.44
5026,23.44
5027,23.44
5028,23.44
5029,23.44
5030,23.44
5031,23.44
5032,23.44
5033,23.44
5034,23.44
5035,23.44
5036,23.44
5037,23.44
5038,23.44
5039,23.44
5040,23.44
5041,23.44
5042,23.44
5043,23.44
5044,23.44
5045,23.44
5046,23.44
5047,23.44
5048,23.44
5049,23.44
5050,23.44
5051,23.44
5052,23.44
5053,23.44
5054,23.44
5055,23.44
5056,23.44
5057,23.44
5058,23.44
5059,23.44
5060,23.44
5061,23.44
5062,23.44
5063,23.44
5064,23.44
5065,23.44
5066,23.44
5067,23.44
5068,23.44
5069,23.44
5070,23.44
5071,23.44
5072,23.44
5073,23.44
5074,23.44
5075,23.44
5076,23.44
5077,23.44
5078,23.44
5079,23.44
5080,23.44
5081,23.44
5082,23.44
5083,23.44
5084,23.44
5085,23.44
5086,23.44
5087,23.44
5088,23.44
5089,23.44
5090,23.44
5091,23.44
5092,23.44
5093,23.44
5094,23.44
5095,23.44
5096,23.44
5097,23.44
5098,23.44
5099,23.44
5100,23.44
5101,23.44
5102,23.44
5103,23.44
5104,23.44
5105,23.44
5106,23.44
5107,23.44
5108,23.44
5109,23.44
5110,23.44
5111,23.44
5112,23.44
5113,23.44
5114,23.44
5115,23.44
5116,23.44
5117,23.44
5118,23.44
5119,23.44
5120,23.44
5121,23.44
5122,23.44
5123,23.44
5124,23.44
5125,23.44
5126,23.44
5127,23.44
5128,23.44
5129,23.44
5130,23.44
5131,23.44
5132,23.44
5133,23.44
5134,23.44
5135,23.44
5136,22.95
5137,23.44
5138,22.95
5139,23.44
5140,23.44
5141,23.44
5142,23.44
5143,23.44
5144,23.44
5145,23.44
5146,23.44
5147,23.44
5148,22.95
5149,23.44
5150,23.44
5151,23.44
5152,23.44
5153,22.95
5154,23.44
5155,23.44
5156,23.44
5157,23.44
5158,22.95
5159,23.44
5160,23.44
5161,22.95
5162,22.95
5163,23.44
5164,23.44
5165,23.44
5166,23.44
5167,22.95
5168,23.44
5169,23.44
5170,23.44
5171,23.44
5172,23.44
5173,23.44
5174,23.44
5175,23.44
5176,23.44
5177,22.95
5178,22.95
5179,22.95
5180,22.95
5181,23.44
5182,23.44
5183,23.44
5184,22.95
5185,22.95
5186,22.95
5187,22.95
5188,22.95
5189,22.95
5190,22.95
5191,23.44
5192,23.44
5193,23.44
5194,22.95
5195,22.95
5196,23.44
5197,23.44
5198,22.95
5199,23.44
5200,22.95
5201,23.44
5202,23.44
5203,22.95
5204,23.44
5205,23.44
5206,22.95
5207,23.44
5208,23.44
5209,22.95
5210,23.44
5211,23.44
5212,22.95
5213,23.44
5214,23.44
5215,23.44
5216,22.95
5217,23.44
5218,23.44
5219,22.95
5220,22.95
5221,22.95
5222,23.44
5223,23.44
5224,23.44
5225,23.44
5226,23.44
5227,23.44
5228,23.44
5229,23.44
5230,23.44
5231,23.44
5232,22.95
5233,23.44
5234,23.44
5235,22.95
5236,23.44
5237,22.95
5238,23.44
5239,23.44
5240,23.44
5241,23.44
5242,23.44
5243,23.44
5244,23.44
5245,23.44
5246,23.44
5247,23.44
5248,23.44
5249,23.44
5250,23.44
5251,23.44
5252,22.95
5253,23.44
5254,23.44
5255,23.44
5256,22.95
5257,22.95
5258,23.44
5259,23.44
5260,23.44
5261,23.44
5262,23.44
5263,22.95
5264,23.44
5265,22.95
5266,23.44
5267,22.95
5268,22.95
5269,22.95
5270,22.95
5271,22.95
5272,23.44
5273,22.95
5274,22.95
5275,22.95
5276,22.95
5277,22.95
5278,22.95
5279,22.95
5280,22.95
5281,22.95
5282,22.95
5283,22.95
5284,22.95
5285,22.95
5286,22.95
5287,22.95
5288,22.95
5289,22.95
5290,22.95
5291,23.44
5292,23.44
5293,22.95
5294,22.95
5295,22.95
5296,23.44
5297,23.44
5298,22.95
5299,23.44
5300,22.95
5301,22.95
5302,22.95
5303,22.95
5304,22.95
5305,22.95
5306,23.44
5307,22.95
5308,22.95
5309,22.95
5310,22.95
5311,23.44
5312,22.95
5313,23.44
5314,23.44
5315,23.44
5316,23.44
5317,22.95
5318,23.44
5319,23.44
5320,23.44
5321,23.44
5322,22.95
5323,23.44
5324,23.44
5325,23.44
5326,23.44
5327,23.44
5328,22.95
5329,23.44
5330,23.44
5331,23.44
5332,23.44
5333,23.44
5334,23.44
5335,22.95
5336,23.44
5337,23.44
5338,23.44
5339,22.95
5340,23.44
5341,23.44
5342,23.44
5343,22.95
5344,22.95
5345,22.95
5346,22.95
5347,22.95
5348,22.95
5349,22.95
5350,22.95
5351,22.95
5352,22.95
5353,23.44
5354,23.44
5355,22.95
5356,22.95
5357,22.95
5358,22.95
5359,23.44
5360,22.95
5361,23.44
5362,23.44
5363,22.95
5364,22.95
5365,22.95
5366,22.95
5367,22.95
5368,22.95
5369,23.44
5370,22.95
5371,23.44
5372,23.44
5373,23.44
5374,23.44
5375,22.95
5376,23.44
5377,23.44
5378,22.95
5379,22.95
5380,23.44
5381,23.44
5382,23.44
5383,22.95
5384,22.95
5385,22.95
5386,22.95
5387,23.44
5388,23.44
5389,23.44
5390,23.44
5391,23.44
5392,23.44
5393,23.44
5394,23.44
5395,23.44
5396,23.44
5397,23.44
5398,23.44
5399,23.44
5400,23.44
5401,23.44
5402,23.44
5403,23.44
5404,23.44
5405,23.44
5406,23.44
5407,23.44
5408,22.95
5409,22.95
5410,23.44
5411,22.95
5412,22.95
5413,23.44
5414,23.44
5415,22.95
5416,22.95
5417,23.44
5418,22.95
5419,23.44
5420,22.95
5421,22.95
5422,22.95
5423,22.95
5424,22.95
5425,22.95
5426,22.95
5427,22.95
5428,23.44
5429,22.95
5430,22.95
5431,22.95
5432,22.95
5433,22.95
5434,23.44
5435,22.95
5436,23.44
5437,22.95
5438,23.44
5439,22.95
5440,22.95
5441,22.95
5442,23.44
5443,22.95
5444,22.95
5445,22.95
5446,22.95
5447,22.95
5448,22.95
5449,22.95
5450,22.95
5451,22.95
5452,22.95
5453,23.44
5454,22.95
5455,22.95
5456,22.95
5457,22.95
5458,22.95
5459,22.95
5460,22.95
5461,22.95
5462,22.95
5463,22.95
5464,22.95
5465,22.95
5466,22.95
5467,22.95
5468,22.95
5469,22.95
5470,22.95
5471,22.95
5472,22.95
5473,22.95
5474,22.95
5475,22.95
5476,22.95
5477,22.95
5478,22.95
5479,22.95
5480,22.95
5481,22.95
5482,22.95
5483,22.95
5484,22.95
5485,22.95
5486,22.95
5487,22.95
5488,22.95
5489,22.95
5490,22.95
5491,22.95
5492,22.95
5493,22.95
5494,22.95
5495,22.95
5496,22.95
5497,22.95
5498,22.95
5499,22.95
5500,22.95
5501,22.95
5502,22.95
5503,22.95
5504,22.95
5505,22.95
5506,22.95
5507,22.95
5508,22.95
5509,22.95
5510,22.95
5511,22.95
5512,22.95
5513,22.95
5514,22.95
5515,22.95
5516,22.95
5517,22.95
5518,22.95
5519,22.95
5520,22.95
5521,22.95
5522,22.95
5523,22.95
5524,22.95
5525,22.95
5526,22.95
5527,22.95
5528,22.95
5529,22.95
5530,23.44
5531,22.95
5532,22.95
5533,22.95
5534,22.95
5535,22.95
5536,22.95
5537,22.95
5538,22.95
5539,22.95
5540,22.95
5541,22.95
5542,22.95
5543,22.95
5544,22.95
5545,22.95
5546,22.95
5547,22.95
5548,22.95
5549,22.95
5550,22.95
5551,22.95
5552,22.95
5553,22.95
5554,22.95
5555,22.95
5556,22.95
5557,22.95
5558,22.95
5559,22.95
5560,22.95
5561,22.95
5562,22.95
5563,22.95
5564,22.95
5565,22.95
5566,22.95
5567,22.95
5568,22.95
5569,22.95
5570,22.95
5571,22.95
5572,22.95
5573,22.95
5574,22.95
5575,22.95
5576,22.95
5577,22.95
5578,22.95
5579,22.95
5580,22.95
5581,22.95
5582,22.95
5583,22.95
5584,22.95
5585,22.95
5586,22.95
5587,22.95
5588,22.95
5589,22.95
5590,22.95
5591,23.44
5592,22.95
5593,22.95
5594,22.95
5595,23.44
5596,23.44
5597,23.44
5598,23.44
5599,23.44
5600,23.44
5601,23.44
5602,23.44
5603,23.44
5604,23.44
5605,23.44
5606,23.44
5607,23.44
5608,23.44
5609,23.44
5610,22.95
5611,22.95
5612,23.44
5613,22.95
5614,22.95
5615,22.95
5616,22.95
5617,22.95
5618,22.95
5619,22.95
5620,22.95
5621,22.95
5622,22.95
5623,22.95
5624,22.95
5625,22.95
5626,22.95
5627,22.95
5628,22.95
5629,22.95
5630,22.95
5631,22.95
5632,22.95
5633,22.95
5634,22.95
5635,22.95
5636,22.95
5637,22.95
5638,22.95
5639,22.95
5640,22.95
5641,22.95
5642,22.95
5643,23.44
5644,22.95
5645,22.95
5646,22.95
5647,22.95
5648,22.95
5649,22.95
5650,22.95
5651,22.95
5652,22.95
5653,22.95
5654,22.95
5655,22.95
5656,22.95
5657,22.95
5658,22.95
5659,22.95
5660,22.95
5661,22.95
5662,22.95
5663,22.95
5664,22.95
5665,22.95
5666,22.95
5667,22.95
5668,22.95
5669,22.95
5670,22.95
5671,22.95
5672,22.95
5673,22.95
5674,22.95
5675,22.95
5676,22.95
5677,22.95
5678,22.95
5679,22.95
5680,22.95
5681,22.95
5682,22.95
5683,22.95
5684,22.95
5685,22.95
5686,22.95
5687,22.95
5688,22.95
5689,22.95
5690,22.95
5691,22.95
5692,22.95
5693,22.95
5694,22.95
5695,22.95
5696,22.95
5697,22.95
5698,22.95
5699,22.95
5700,22.95
5701,22.95
5702,22.95
5703,22.95
5704,22.95
5705,22.95
5706,22.95
5707,22.95
5708,22.95
5709,22.95
5710,22.95
5711,22.95
5712,22.95
5713,22.95
5714,22.95
5715,22.95
5716,22.95
5717,22.95
5718,22.95
5719,22.95
5720,22.95
5721,22.95
5722,22.95
5723,22.95
5724,22.95
5725,22.95
5726,22.95
5727,22.95
5728,22.95
5729,22.95
5730,22.95
5731,22.95
5732,22.95
5733,22.95
5734,22.95
5735,22.95
5736,22.95
5737,22.95
5738,22.95
5739,22.95
5740,22.95
5741,22.95
5742,22.95
5743,22.95
5744,22.95
5745,22.95
5746,22.95
5747,22.95
5748,22.95
5749,22.95
5750,22.95
5751,22.95
5752,22.95
5753,22.95
5754,22.95
5755,22.95
5756,22.95
5757,22.95
5758,22.95
5759,22.95
5760,22.95
5761,22.95
5762,22.95
5763,22.95
5764,22.95
5765,22.95
5766,22.95
5767,22.95
5768,22.95
5769,22.95
5770,22.95
5771,22.95
5772,22.95
5773,22.95
5774,22.95
5775,22.95
5776,22.95
5777,22.95
5778,22.95
5779,22.95
5780,22.95
5781,22.95
5782,22.95
5783,22.95
5784,22.95
5785,22.95
5786,22.95
5787,22.95
5788,22.95
5789,22.95
5790,22.95
5791,22.95
5792,22.95
5793,22.95
5794,22.95
5795,22.95
5796,22.95
5797,22.95
5798,22.95
5799,22.95
5800,22.95
5801,22.95
5802,22.95
5803,22.95
5804,22.95
5805,22.95
5806,22.95
5807,22.95
5808,22.95
5809,22.95
5810,22.95
5811,22.95
5812,22.95
5813,22.95
5814,22.95
5815,22.95
5816,22.95
5817,22.95
5818,22.95
5819,22.95
5820,22.95
5821,22.95
5822,22.95
5823,22.95
5824,22.95
5825,22.95
5826,22.95
5827,22.95
5828,22.95
5829,22.95
5830,22.95
5831,22.95
5832,22.95
5833,22.95
5834,22.95
5835,22.95
5836,22.95
5837,22.95
5838,22.95
5839,22.95
5840,22.95
5841,22.95
5842,22.95
5843,22.95
5844,22.95
5845,22.95
5846,22.95
5847,22.95
5848,22.95
5849,22.95
5850,22.95
5851,22.95
5852,22.95
5853,22.95
5854,22.95
5855,22.95
5856,22.95
5857,22.95
5858,22.95
5859,22.95
5860,22.95
5861,22.95
5862,22.95
5863,22.95
5864,22.95
5865,22.95
5866,22.95
5867,22.95
5868,22.95
5869,22.95
5870,22.95
5871,22.95
5872,22.95
5873,22.95
5874,22.95
5875,22.95
5876,22.95
5877,22.95
5878,22.95
5879,22.95
5880,22.95
5881,22.95
5882,22.95
5883,22.95
5884,22.95
5885,22.95
5886,22.95
5887,22.95
5888,22.95
5889,22.95
5890,22.95
5891,22.95
5892,22.95
5893,22.95
5894,22.95
5895,22.95
5896,22.95
5897,22.95
5898,22.95
5899,22.95
5900,22.95
5901,22.95
5902,22.95
5903,22.95
5904,22.95
5905,22.95
5906,22.95
5907,22.95
5908,22.95
5909,22.95
5910,22.95
5911,22.95
5912,22.95
5913,22.95
5914,22.95
5915,22.95
5916,22.95
5917,22.95
5918,22.95
5919,22.95
5920,22.95
5921,22.95
5922,22.95
5923,22.95
5924,22.95
5925,22.95
5926,22.95
5927,22.95
5928,22.95
5929,22.95
5930,22.95
5931,22.95
5932,22.95
5933,22.95
5934,22.95
5935,22.95
5936,22.95
5937,22.95
5938,22.95
5939,22.95
5940,22.95
5941,22.95
5942,22.95
5943,22.95
5944,22.95
5945,22.95
5946,22.95
5947,22.95
5948,22.95
5949,22.95
5950,22.95
5951,22.95
5952,22.95
5953,22.95
5954,22.95
5955,22.95
5956,22.95
5957,22.95
5958,22.95
5959,22.95
5960,22.95
5961,22.95
5962,22.95
5963,22.95
5964,22.95
5965,22.95
5966,22.95
5967,22.95
5968,22.95
5969,22.95
5970,22.95
5971,22.95
5972,22.95
5973,22.95
5974,22.95
5975,22.95
5976,22.95
5977,22.95
5978,22.95
5979,22.95
5980,22.95
5981,22.95
5982,22.95
5983,22.95
5984,22.95
5985,22.95
5986,22.95
5987,22.95
5988,22.95
5989,22.95
5990,22.95
5991,22.95
5992,22.95
5993,22.95
5994,22.95
5995,22.95
5996,22.95
5997,22.95
5998,22.95
5999,22.95
6000,22.95
6001,22.95
6002,22.95
6003,22.95
6004,22.95
6005,22.95
6006,22.95
6007,22.95
6008,22.95
6009,22.95
6010,22.95
6011,22.95
6012,22.95
6013,22.95
6014,22.95
6015,22.95
6016,22.95
6017,22.95
6018,22.95
6019,22.95
6020,22.95
6021,22.95
6022,22.95
6023,22.95
6024,22.95
6025,22.95
6026,22.95
6027,22.95
6028,22.95
6029,22.95
6030,22.95
6031,22.95
6032,22.95
6033,22.95
6034,22.95
6035,22.95
6036,22.95
6037,22.95
6038,22.95
6039,22.95
6040,22.95
6041,22.95
6042,22.95
6043,22.95
6044,22.95
6045,22.95
6046,22.95
6047,22.95
6048,22.95
6049,22.95
6050,22.95
6051,22.95
6052,22.95
6053,22.95
6054,22.95
6055,22.95
6056,22.95
6057,22.95
6058,22.95
6059,22.95
6060,22.95
6061,22.95
6062,22.95
6063,22.95
6064,22.95
6065,22.95
6066,22.95
6067,22.95
6068,22.95
6069,22.95
6070,22.95
6071,22.95
6072,22.95
6073,22.95
6074,22.95
6075,22.95
6076,22.95
6077,22.95
6078,22.95
6079,22.95
6080,22.95
6081,22.95
6082,22.95
6083,22.95
6084,22.95
6085,22.95
6086,22.95
6087,22.95
6088,22.95
6089,22.95
6090,22.95
6091,22.95
6092,22.95
6093,22.95
6094,22.95
6095,22.95
6096,22.95
6097,22.95
6098,22.95
6099,22.95
6100,22.95
6101,22.95
6102,22.95
6103,22.95
6104,22.95
6105,22.95
6106,22.95
6107,22.95
6108,22.95
6109,22.95
6110,22.95
6111,22.95
6112,22.95
6113,22.95
6114,22.95
6115,22.95
6116,22.95
6117,22.95
6118,22.95
6119,22.95
6120,22.95
6121,22.95
6122,22.95
6123,22.95
6124,22.95
6125,22.95
6126,22.95
6127,22.95
6128,22.95
6129,22.95
6130,22.95
6131,22.95
6132,22.95
6133,22.95
6134,22.95
6135,22.95
6136,22.95
6137,22.95
6138,22.95
6139,22.95
6140,22.95
6141,22.95
6142,22.95
6143,22.95
6144,22.95
6145,22.95
6146,22.95
6147,22.95
6148,22.95
6149,22.95
6150,22.95
6151,22.95
6152,22.95
6153,22.95
6154,22.95
6155,22.95
6156,22.95
6157,22.95
6158,22.95
6159,22.95
6160,22.95
6161,22.95
6162,22.95
6163,22.95
6164,22.95
6165,22.95
6166,22.95
6167,22.95
6168,22.95
6169,22.95
6170,22.95
6171,22.95
6172,22.95
6173,22.95
6174,22.95
6175,22.95
6176,22.95
6177,22.95
6178,22.95
6179,22.95
6180,22.95
6181,22.95
6182,22.95
6183,22.95
6184,22.95
6185,22.95
6186,22.46
6187,22.95
6188,22.95
6189,22.95
6190,22.95
6191,22.95
6192,22.95
6193,22.95
6194,22.95
6195,22.95
6196,22.95
6197,22.95
6198,22.95
6199,22.95
6200,22.95
6201,22.95
6202,22.95
6203,22.95
6204,22.95
6205,22.95
6206,22.95
6207,22.95
6208,22.95
6209,22.95
6210,22.95
6211,22.95
6212,22.95
6213,22.95
6214,22.95
6215,22.95
6216,22.95
6217,22.95
6218,22.95
6219,22.95
6220,22.95
6221,22.95
6222,22.95
6223,22.95
6224,22.95
6225,22.95
6226,22.95
6227,22.95
6228,22.95
6229,22.95
6230,22.95
6231,22.95
6232,22.95
6233,22.95
6234,22.95
6235,22.95
6236,22.95
6237,22.95
6238,22.95
6239,22.95
6240,22.95
6241,22.95
6242,22.95
6243,22.95
6244,22.95
6245,22.95
6246,22.95
6247,22.95
6248,22.95
6249,22.95
6250,22.95
6251,22.95
6252,22.95
6253,22.95
6254,22.95
6255,22.95
6256,22.95
6257,22.95
6258,22.95
6259,22.95
6260,22.95
6261,22.95
6262,22.95
6263,22.95
6264,22.95
6265,22.95
6266,22.95
6267,22.95
6268,22.95
6269,22.95
6270,22.95
6271,22.95
6272,22.95
6273,22.95
6274,22.95
6275,22.95
6276,22.95
6277,22.95
6278,22.95
6279,22.95
6280,22.95
6281,22.95
6282,22.95
6283,22.95
6284,22.95
6285,22.95
6286,22.95
6287,22.95
6288,22.95
6289,22.95
6290,22.95
6291,22.95
6292,22.95
6293,22.95
6294,22.95
6295,22.95
6296,22.95
6297,22.95
6298,22.95
6299,22.95
6300,22.95
6301,22.95
6302,22.95
6303,22.95
6304,22.95
6305,22.95
6306,22.95
6307,22.95
6308,22.95
6309,22.95
6310,22.95
6311,22.95
6312,22.95
6313,22.95
6314,22.95
6315,22.95
6316,22.95
6317,22.95
6318,22.95
6319,22.95
6320,22.95
6321,22.95
6322,22.95
6323,22.95
6324,22.95
6325,22.95
6326,22.95
6327,22.95
6328,22.95
6329,22.95
6330,22.95
6331,22.95
6332,22.95
6333,22.95
6334,22.95
6335,22.95
6336,22.95
6337,22.95
6338,22.95
6339,22.95
6340,22.95
6341,22.95
6342,22.95
6343,22.95
6344,22.95
6345,22.95
6346,22.95
6347,22.46
6348,22.95
6349,22.46
6350,22.46
6351,22.46
6352,22.95
6353,22.46
6354,22.95
6355,22.95
6356,22.95
6357,22.95
6358,22.95
6359,22.95
6360,22.95
6361,22.95
6362,22.95
6363,22.95
6364,22.95
6365,22.95
6366,22.46
6367,22.46
6368,22.46
6369,22.95
6370,22.95
6371,22.95
6372,22.95
6373,22.95
6374,22.95
6375,22.95
6376,22.95
6377,22.95
6378,22.95
6379,22.95
6380,22.95
6381,22.95
6382,22.95
6383,22.95
6384,22.95
6385,22.46
6386,22.95
6387,22.46
6388,22.95
6389,22.95
6390,22.95
6391,22.95
6392,22.46
6393,22.95
6394,22.95
6395,22.95
6396,22.46
6397,22.46
6398,22.46
6399,22.95
6400,22.46
6401,22.46
6402,22.95
6403,22.46
6404,22.46
6405,22.95
6406,22.46
6407,22.46
6408,22.46
6409,22.46
6410,22.95
6411,22.95
6412,22.46
6413,22.46
6414,22.46
6415,22.46
6416,22.46
6417,22.95
6418,22.95
6419,22.46
6420,22.46
6421,22.46
6422,22.46
6423,22.46
6424,22.46
6425,22.46
6426,22.46
6427,22.46
6428,22.46
6429,22.46
6430,22.46
6431,22.95
6432,22.95
6433,22.46
6434,22.46
6435,22.46
6436,22.95
6437,22.95
6438,22.95
6439,22.46
6440,22.46
6441,22.46
6442,22.46
6443,22.46
6444,22.46
6445,22.46
6446,22.95
6447,22.95
6448,22.95
6449,22.46
6450,22.95
6451,22.46
6452,22.95
6453,22.95
6454,22.95
6455,22.95
6456,22.46
6457,22.46
6458,22.46
6459,22.46
6460,22.46
6461,22.46
6462,22.46
6463,22.46
6464,22.46
6465,22.46
6466,22.46
6467,22.46
6468,22.46
6469,22.46
6470,22.46
6471,22.46
6472,22.46
6473,22.46
6474,22.46
6475,22.46
6476,22.46
6477,22.46
6478,22.46
6479,22.46
6480,22.46
6481,22.46
6482,22.46
6483,22.46
6484,22.46
6485,22.46
6486,22.46
6487,22.46
6488,22.46
6489,22.46
6490,22.46
6491,22.46
6492,22.46
6493,22.46
6494,22.46
6495,22.46
6496,22.46
6497,22.46
6498,22.46
6499,22.46
6500,22.46
6501,22.46
6502,22.46
6503,22.46
6504,22.46
6505,22.46
6506,22.46
6507,22.46
6508,22.46
6509,22.95
6510,22.46
6511,22.46
6512,22.46
6513,22.46
6514,22.46
6515,22.46
6516,22.46
6517,22.46
6518,22.46
6519,22.46
6520,22.46
6521,22.46
6522,22.46
6523,22.46
6524,22.46
6525,22.46
6526,22.46
6527,22.46
6528,22.46
6529,22.46
6530,22.46
6531,22.46
6532,22.46
6533,22.46
6534,22.46
6535,22.46
6536,22.46
6537,22.46
6538,22.46
6539,22.46
6540,22.46
6541,22.46
6542,22.46
6543,22.46
6544,22.46
6545,22.46
6546,22.46
6547,22.46
6548,22.46
6549,22.46
6550,22.46
6551,22.46
6552,22.46
6553,22.46
6554,22.46
6555,22.46
6556,22.46
6557,22.46
6558,22.46
6559,22.46
6560,22.46
6561,22.46
6562,22.46
6563,22.46
6564,22.46
6565,22.46
6566,22.46
6567,22.46
6568,22.46
6569,22.46
6570,22.46
6571,22.95
6572,22.46
6573,22.46
6574,22.95
6575,22.95
6576,22.95
6577,22.95
6578,22.95
6579,22.95
6580,22.95
6581,22.95
6582,22.95
6583,22.95
6584,22.95
6585,22.95
6586,22.95
6587,22.95
6588,22.95
6589,22.95
6590,22.95
6591,22.95
6592,22.95
6593,22.95
6594,22.95
6595,22.95
6596,22.95
6597,22.95
6598,22.95
6599,22.95
6600,22.95
6601,22.95
6602,22.95
6603,22.95
6604,22.95
6605,22.95
6606,22.95
6607,22.95
6608,22.95
6609,22.95
6610,22.95
6611,22.95
6612,22.95
6613,22.95
6614,22.95
6615,22.95
6616,22.95
6617,22.95
6618,22.95
6619,22.95
6620,22.95
6621,22.95
6622,22.95
6623,22.95
6624,22.95
6625,22.95
6626,22.95
6627,22.95
6628,22.95
6629,22.95
6630,22.95
6631,22.95
6632,22.95
6633,22.95
6634,22.95
6635,22.95
6636,22.95
6637,22.95
6638,22.95
6639,22.95
6640,22.95
6641,22.95
6642,22.95
6643,22.95
6644,22.95
6645,22.95
6646,22.95
6647,22.95
6648,22.95
6649,22.95
6650,22.95
6651,22.95
6652,22.95
6653,22.95
6654,22.95
6655,22.95
6656,22.95
6657,22.95
6658,22.95
6659,22.95
6660,22.95
6661,22.95
6662,22.95
6663,22.95
6664,22.95
6665,22.95
6666,22.95
6667,22.95
6668,22.95
6669,22.95
6670,22.95
6671,22.95
6672,22.95
6673,22.95
6674,22.95
6675,22.95
6676,22.95
6677,22.95
6678,22.95
6679,22.95
6680,22.95
6681,22.95
6682,22.95
6683,22.95
6684,22.95
6685,22.95
6686,22.95
6687,22.95
6688,22.95
6689,22.95
6690,22.95
6691,22.95
6692,22.95
6693,22.95
6694,22.95
6695,22.95
6696,22.95
6697,22.95
6698,22.95
6699,22.95
6700,22.95
6701,22.95
6702,22.95
6703,22.95
6704,22.95
6705,22.95
6706,22.95
6707,22.95
6708,22.95
6709,22.95
6710,22.95
6711,22.95
6712,22.95
6713,22.95
6714,22.95
6715,22.95
6716,22.95
6717,22.95
6718,22.95
6719,22.95
6720,22.95
6721,22.95
6722,22.95
6723,22.95
6724,22.95
6725,22.95
6726,22.95
6727,22.95
6728,22.95
6729,22.95
6730,22.95
6731,22.95
6732,22.95
6733,22.95
6734,22.95
6735,22.95
6736,22.95
6737,22.95
6738,22.95
6739,22.95
6740,22.95
6741,22.95
6742,22.95
6743,22.95
6744,22.95
6745,22.95
6746,22.95
6747,22.95
6748,22.95
6749,22.95
6750,22.95
6751,22.95
6752,22.95
6753,22.95
6754,22.95
6755,22.95
6756,22.95
6757,22.95
6758,22.95
6759,22.95
6760,22.95
6761,22.95
6762,22.95
6763,22.95
6764,22.95
6765,22.95
6766,22.95
6767,22.95
6768,22.95
6769,22.95
6770,22.95
6771,22.95
6772,22.95
6773,22.95
6774,22.95
6775,22.95
6776,22.95
6777,22.95
6778,22.95
6779,22.95
6780,22.95
6781,22.95
6782,22.95
6783,22.95
6784,22.95
6785,22.95
6786,22.95
6787,22.95
6788,22.95
6789,22.95
6790,22.95
6791,22.95
6792,22.95
6793,22.95
6794,22.95
6795,22.95
6796,22.95
6797,22.95
6798,22.95
6799,22.95
6800,22.95
6801,22.95
6802,22.95
6803,22.95
6804,22.95
6805,22.95
6806,22.95
6807,22.95
6808,22.95
6809,22.95
6810,22.95
6811,22.95
6812,22.95
6813,22.95
6814,22.95
6815,22.95
6816,22.95
6817,22.95
6818,22.95
6819,22.95
6820,22.95
6821,22.95
6822,22.95
6823,22.95
6824,22.95
6825,22.95
6826,22.95
6827,22.95
6828,22.95
6829,22.95
6830,22.95
6831,22.95
6832,22.95
6833,22.95
6834,22.95
6835,22.95
6836,22.95
6837,22.95
6838,22.95
6839,22.95
6840,22.95
6841,22.95
6842,22.95
6843,22.95
6844,22.95
6845,22.95
6846,22.95
6847,22.95
6848,22.95
6849,22.95
6850,22.95
6851,22.95
6852,22.95
6853,22.95
6854,22.95
6855,22.95
6856,22.95
6857,22.95
6858,22.95
6859,22.95
6860,22.95
6861,22.95
6862,22.95
6863,22.95
6864,22.95
6865,22.95
6866,22.95
6867,22.95
6868,22.95
6869,22.95
6870,22.95
6871,22.95
6872,22.95
6873,22.95
6874,22.95
6875,22.95
6876,22.95
6877,22.95
6878,22.95
6879,22.95
6880,22.95
6881,22.95
6882,22.95
6883,22.95
6884,22.95
6885,22.95
6886,22.95
6887,22.95
6888,22.95
6889,22.95
6890,22.95
6891,22.95
6892,22.95
6893,22.95
6894,22.95
6895,22.95
6896,22.95
6897,22.95
6898,22.95
6899,22.95
6900,22.95
6901,22.95
6902,22.95
6903,22.95
6904,22.95
6905,22.95
6906,22.95
6907,22.95
6908,22.95
6909,22.95
6910,22.95
6911,22.95
6912,22.95
6913,22.95
6914,22.95
6915,22.95
6916,22.95
6917,22.95
6918,22.95
6919,22.95
6920,22.95
6921,22.95
6922,22.95
6923,22.95
6924,22.95
6925,22.95
6926,22.95
6927,22.95
6928,22.95
6929,22.95
6930,22.95
6931,22.95
6932,22.95
6933,22.95
6934,22.95
6935,22.95
6936,22.95
6937,22.95
6938,22.95
6939,22.95
6940,22.95
6941,22.95
6942,22.95
6943,22.95
6944,22.95
6945,22.95
6946,22.95
6947,22.95
6948,22.95
6949,22.95
6950,22.95
6951,22.95
6952,22.95
6953,22.95
6954,22.95
6955,22.95
6956,22.95
6957,22.95
6958,22.95
6959,22.95
6960,22.95
6961,22.95
6962,22.95
6963,22.95
6964,22.95
6965,22.95
6966,22.95
6967,22.95
6968,22.95
6969,22.95
6970,22.95
6971,22.95
6972,22.95
6973,22.95
6974,22.95
6975,22.95
6976,22.95
6977,22.95
6978,22.95
6979,22.95
6980,22.95
6981,22.95
6982,22.95
6983,22.95
6984,22.95
6985,22.95
6986,22.95
6987,22.95
6988,22.95
6989,22.95
6990,22.95
6991,22.95
6992,22.95
6993,22.95
6994,22.95
6995,22.95
6996,22.95
6997,22.95
6998,22.95
6999,22.95
7000,22.95
7001,22.95
7002,22.95
7003,22.95
7004,22.95
7005,22.95
7006,22.95
7007,22.95
7008,22.95
7009,22.95
7010,22.95
7011,22.95
7012,22.95
7013,22.95
7014,22.95
7015,22.95
7016,22.95
7017,22.95
7018,22.95
7019,22.95
7020,22.95
7021,22.95
7022,22.95
7023,22.95
7024,22.95
7025,22.95
7026,22.95
7027,22.95
7028,22.95
7029,22.95
7030,22.95
7031,22.95
7032,22.95
7033,22.95
7034,22.95
7035,22.95
7036,22.95
7037,22.95
7038,22.95
7039,22.95
7040,22.95
7041,22.95
7042,22.95
7043,22.95
7044,22.95
7045,22.95
7046,22.95
7047,22.95
7048,22.95
7049,22.95
7050,22.95
7051,22.95
7052,22.95
7053,22.95
7054,22.95
7055,22.95
7056,22.95
7057,22.95
7058,22.95
7059,22.95
7060,22.95
7061,22.95
7062,22.95
7063,22.95
7064,22.95
7065,22.95
7066,22.95
7067,22.95
7068,22.95
7069,22.95
7070,22.95
7071,22.95
7072,22.95
7073,22.95
7074,22.95
7075,22.95
7076,22.95
7077,22.95
7078,22.95
7079,22.95
7080,22.95
7081,22.95
7082,22.95
7083,22.95
7084,22.95
7085,22.95
7086,22.95
7087,22.95
7088,22.95
7089,22.95
7090,22.95
7091,22.95
7092,22.95
7093,22.95
7094,22.95
7095,22.95
7096,22.95
7097,22.95
7098,22.95
7099,22.95
7100,22.95
7101,22.95
7102,22.95
7103,22.95
7104,22.95
7105,22.95
7106,22.95
7107,22.95
7108,22.95
7109,22.95
7110,22.95
7111,22.95
7112,22.95
7113,22.95
7114,22.95
7115,22.95
7116,22.95
7117,22.95
7118,22.95
7119,22.95
7120,22.95
7121,22.95
7122,22.95
7123,22.95
7124,22.95
7125,22.95
7126,22.95
7127,22.95
7128,22.95
7129,22.95
7130,22.95
7131,22.95
7132,22.95
7133,22.95
7134,22.95
7135,22.95
7136,22.95
7137,22.95
7138,22.95
7139,22.95
7140,22.95
7141,22.95
7142,22.95
7143,22.95
7144,22.95
7145,22.95
7146,22.95
7147,22.95
7148,22.95
7149,22.95
7150,22.95
7151,22.95
7152,22.95
7153,22.95
7154,22.95
7155,22.95
7156,22.95
7157,22.95
7158,22.95
7159,22.95
7160,22.95
7161,22.95
7162,22.95
7163,22.95
7164,22.95
7165,22.95
7166,22.95
7167,22.95
7168,22.95
7169,22.95
7170,22.95
7171,22.95
7172,22.95
7173,22.95
7174,22.95
7175,22.95
7176,22.95
7177,22.95
7178,22.95
7179,22.95
7180,22.95
7181,22.95
7182,22.95
7183,22.95
7184,22.95
7185,22.95
7186,22.95
7187,22.95
7188,22.95
7189,22.95
7190,22.95
7191,22.95
7192,22.95
7193,22.95
7194,22.95
7195,22.95
7196,22.95
7197,22.95
7198,22.95
7199,22.95
7200,22.95
7201,22.95
7202,22.95
7203,22.95
7204,22.95
7205,22.95
7206,22.95
7207,22.95
7208,22.95
7209,22.95
7210,22.95
7211,22.95
7212,22.95
7213,22.95
7214,22.95
7215,22.95
7216,22.95
7217,22.95
7218,22.95
7219,22.95
7220,22.95
7221,22.95
7222,22.95
7223,22.95
7224,22.95
7225,22.95
7226,22.95
7227,22.95
7228,22.95
7229,22.95
7230,22.95
7231,22.95
7232,22.95
7233,22.95
7234,22.95
7235,22.95
7236,22.95
7237,22.95
7238,22.95
7239,22.95
7240,22.95
7241,22.95
7242,22.95
7243,22.95
7244,22.95
7245,22.95
7246,22.95
7247,22.95
7248,22.95
7249,22.95
7250,22.95
7251,22.95
7252,22.95
7253,22.95
7254,22.95
7255,22.95
7256,22.95
7257,22.95
7258,22.95
7259,22.95
7260,22.95
7261,22.95
7262,22.95
7263,22.95
7264,22.95
7265,22.95
7266,22.95
7267,22.95
7268,22.95
7269,22.95
7270,22.95
7271,22.95
7272,22.95
7273,22.95
7274,22.95
7275,22.95
7276,22.95
7277,22.95
7278,22.95
7279,22.95
7280,22.95
7281,22.95
7282,22.95
7283,22.95
7284,22.95
7285,22.95
7286,22.95
7287,22.95
7288,22.95
7289,22.95
7290,22.95
7291,22.95
7292,22.95
7293,22.95
7294,22.95
7295,22.95
7296,22.95
7297,22.95
7298,22.95
7299,22.95
7300,22.95
7301,22.95
7302,22.95
7303,22.95
7304,22.95
7305,22.95
7306,22.95
7307,22.95
7308,22.95
7309,22.95
7310,22.95
7311,22.95
7312,22.95
7313,22.95
7314,22.95
7315,22.95
7316,22.95
7317,22.95
7318,22.95
7319,22.95
7320,22.95
7321,22.95
7322,22.95
7323,22.95
7324,22.95
7325,22.95
7326,22.95
7327,22.95
7328,22.95
7329,22.95
7330,22.95
7331,22.95
7332,22.95
7333,22.95
7334,22.95
7335,22.95
7336,22.95
7337,22.95
7338,22.95
7339,22.95
7340,22.95
7341,22.95
7342,22.95
7343,22.95
7344,22.95
7345,22.95
7346,22.95
7347,22.95
7348,22.95
7349,22.95
7350,22.95
7351,22.95
7352,22.95
7353,22.95
7354,22.95
7355,22.95
7356,22.95
7357,22.95
7358,22.95
7359,22.95
7360,22.95
7361,22.95
7362,22.95
7363,22.95
7364,22.95
7365,22.95
7366,22.95
7367,22.95
7368,22.95
7369,22.95
7370,22.95
7371,22.95
7372,22.95
7373,22.95
7374,22.95
7375,22.95
7376,22.95
7377,22.95
7378,22.95
7379,22.95
7380,22.95
7381,22.95
7382,22.95
7383,22.95
7384,22.95
7385,22.95
7386,22.95
7387,22.95
7388,22.95
7389,22.95
7390,22.95
7391,22.95
7392,22.95
7393,22.95
7394,22.95
7395,22.95
7396,22.95
7397,22.95
7398,22.95
7399,22.95
7400,22.95
7401,22.95
7402,22.95
7403,22.95
7404,22.95
7405,22.95
7406,22.95
7407,22.95
7408,22.95
7409,22.95
7410,22.95
7411,22.95
7412,22.95
7413,22.95
7414,22.95
7415,22.95
7416,22.95
7417,22.95
7418,22.95
7419,22.95
7420,22.95
7421,22.95
7422,22.95
7423,22.95
7424,22.95
7425,22.95
7426,22.95
7427,22.95
7428,22.95
7429,22.95
7430,22.95
7431,22.95
7432,22.95
7433,22.95
7434,22.95
7435,22.95
7436,22.95
7437,22.95
7438,22.95
7439,22.95
7440,22.95
7441,22.95
7442,22.95
7443,22.95
7444,22.95
7445,22.95
7446,22.95
7447,22.95
7448,22.95
7449,22.95
7450,22.95
7451,22.95
7452,22.95
7453,22.95
7454,22.95
7455,22.95
7456,22.95
7457,22.95
7458,22.95
7459,22.95
7460,22.95
7461,22.95
7462,22.95
7463,22.95
7464,22.95
7465,22.95
7466,22.95
7467,22.95
7468,22.95
7469,22.95
7470,22.95
7471,22.95
7472,22.95
7473,22.95
7474,22.95
7475,22.95
7476,22.95
7477,22.95
7478,22.95
7479,22.95
7480,22.95
7481,22.95
7482,22.95
7483,22.95
7484,22.95
7485,22.95
7486,22.95
7487,22.95
7488,22.95
7489,22.95
7490,22.95
7491,22.95
7492,22.95
7493,22.95
7494,22.95
7495,22.95
7496,22.95
7497,22.95
7498,22.95
7499,22.95
7500,22.95
7501,22.95
7502,22.95
7503,22.95
7504,22.95
7505,22.95
7506,22.95
7507,22.95
7508,22.95
7509,22.95
7510,22.95
7511,22.95
7512,22.95
7513,22.95
7514,22.95
7515,22.95
7516,22.95
7517,22.95
7518,22.95
7519,22.95
7520,22.95
7521,22.95
7522,22.95
7523,22.95
7524,22.95
7525,22.95
7526,22.95
7527,22.95
7528,22.95
7529,22.95
7530,22.95
7531,22.95
7532,22.95
7533,22.95
7534,22.95
7535,22.95
7536,22.95
7537,22.95
7538,22.95
7539,22.95
7540,22.95
7541,22.95
7542,22.95
7543,22.95
7544,22.95
7545,22.95
7546,22.95
7547,22.95
7548,22.95
7549,22.95
7550,22.95
7551,22.46
7552,22.95
7553,22.46
7554,22.95
7555,22.95
7556,22.95
7557,22.95
7558,22.95
7559,22.95
7560,22.95
7561,22.95
7562,22.95
7563,22.95
7564,22.95
7565,22.95
7566,22.95
7567,22.95
7568,22.95
7569,22.95
7570,22.95
7571,22.95
7572,22.95
7573,22.95
7574,22.95
7575,22.95
7576,22.95
7577,22.95
7578,22.95
7579,22.95
7580,22.95
7581,22.95
7582,22.95
7583,22.95
7584,22.95
7585,22.95
7586,22.95
7587,22.95
7588,22.46
7589,22.95
7590,22.95
7591,22.95
7592,22.95
7593,22.95
7594,22.95
7595,22.95
7596,22.95
7597,22.95
7598,22.95
7599,22.95
7600,22.95
7601,22.95
7602,22.95
7603,22.95
7604,22.95
7605,22.95
7606,22.95
7607,22.95
7608,22.95
7609,22.95
7610,22.95
7611,22.95
7612,22.95
7613,22.95
7614,22.95
7615,22.95
7616,22.95
7617,22.95
7618,22.95
7619,22.95
7620,22.95
7621,22.95
7622,22.95
7623,22.95
7624,22.95
7625,22.95
